NVTX Range,Style,PID,TID,NVTX Inst,Kern Inst,Total Time (ns),Avg (ns),Med (ns),Min (ns),Max (ns),StdDev (ns),Kernel Name
,,50,87,0,485,238765650,492300.3,486876.0,485052,559803,9826.0,cutlass3x_sm100_simt_sgemm_f32_f32_f32_f32_f32_128x128x16_1x1x1_3_ntn_align1_bias_f32_relu
,,50,87,0,325,207060874,637110.4,637626.0,598235,641915,4710.3,void cutlass::Kernel2<cutlass_80_simt_sgemm_128x64_8x5_nn_align1>(T1::Params)
,,50,87,0,640,111421877,174096.7,173918.0,173086,175839,604.7,cutlass3x_sm100_simt_sgemm_f32_f32_f32_f32_f32_64x32x16_1x1x1_3_nnn_align1_bias_f32_relu
,,50,87,0,640,87221242,136283.2,133806.5,127295,171582,8747.4,cutlass3x_sm100_simt_sgemm_f32_f32_f32_f32_f32_64x64x16_1x1x1_3_ntn_align1_bias_f32_relu
,,50,87,0,1925,82332032,42769.9,31327.0,4256,121407,46423.8,"void at::native::elementwise_kernel<(int)128, (int)2, void at::native::gpu_kernel_impl_nocast<at::native::direct_copy_kernel_cuda(at::TensorIteratorBase &)::[lambda() (instance 3)]::operator ()() const::[lambda() (instance 7)]::operator ()() const::[lambda(float) (instance 1)]>(at::TensorIteratorBase &, const T1 &)::[lambda(int) (instance 1)]>(int, T3)"
,,50,87,0,160,78904993,493156.2,493148.0,492156,494364,360.3,cutlass3x_sm100_simt_sgemm_f32_f32_f32_f32_f32_64x64x16_1x1x1_3_nnn_align1_bias_f32_relu
,,50,87,0,1615,20430094,12650.2,6016.0,1088,31072,10559.4,"void at::native::vectorized_elementwise_kernel<(int)4, at::native::BUnaryFunctor<float, float, float, at::native::binary_internal::MulFunctor<float>>, std::array<char *, (unsigned long)2>>(int, T2, T3)"
,,50,87,0,2260,16532282,7315.2,7744.0,863,16224,4055.1,"void at::native::vectorized_elementwise_kernel<(int)4, at::native::BinaryFunctor<float, float, float, at::native::binary_internal::MulFunctor<float>>, std::array<char *, (unsigned long)3>>(int, T2, T3)"
,,50,87,0,480,12602132,26254.4,25760.0,22432,42688,3182.0,"void at::native::elementwise_kernel<(int)128, (int)2, void at::native::gpu_kernel_impl_nocast<at::native::BinaryFunctor<float, float, float, at::native::binary_internal::DivFunctor<float>>>(at::TensorIteratorBase &, const T1 &)::[lambda(int) (instance 1)]>(int, T3)"
,,50,87,0,2095,10307774,4920.2,3488.0,1824,30144,4619.2,"void at::native::vectorized_elementwise_kernel<(int)4, at::native::CUDAFunctor_add<float>, std::array<char *, (unsigned long)3>>(int, T2, T3)"
,,50,87,0,1935,10243485,5293.8,3968.0,2847,31807,3844.3,"void at::native::elementwise_kernel<(int)128, (int)2, void at::native::gpu_kernel_impl_nocast<at::native::BinaryFunctor<float, float, float, at::native::binary_internal::MulFunctor<float>>>(at::TensorIteratorBase &, const T1 &)::[lambda(int) (instance 1)]>(int, T3)"
,,50,87,0,160,8658523,54115.8,53696.0,52031,59680,1247.7,cutlass3x_sm100_simt_sgemm_f32_f32_f32_f32_f32_128x64x16_1x1x1_3_tnn_align1_bias_f32_relu
,,50,87,0,655,6820886,10413.6,10208.0,4864,24736,2940.2,"void at::native::reduce_kernel<(int)512, (int)1, at::native::ReduceOp<float, at::native::func_wrapper_t<float, at::native::sum_functor<float, float, float>::operator ()(at::TensorIterator &)::[lambda(float, float) (instance 1)]>, unsigned int, float, (int)4, (int)4>>(T3)"
,,50,87,0,160,6763989,42274.9,42272.0,41951,42751,150.7,cutlass3x_sm100_simt_sgemm_f32_f32_f32_f32_f32_32x64x16_1x1x1_3_nnn_align1_bias_f32_relu
,,50,87,0,160,6505292,40658.1,40639.0,40320,41216,187.4,cutlass3x_sm100_simt_sgemm_f32_f32_f32_f32_f32_32x64x16_1x1x1_3_ntn_align1_bias_f32_relu
,,50,87,0,160,6052547,37828.4,37823.5,37504,38336,146.8,cutlass3x_sm100_simt_sgemm_f32_f32_f32_f32_f32_64x32x16_1x1x1_3_ntn_align1_bias_f32_relu
,,50,87,0,325,5609451,17259.8,16928.0,13056,24351,2097.8,"void at::native::reduce_kernel<(int)128, (int)4, at::native::ReduceOp<float, at::native::func_wrapper_t<float, at::native::sum_functor<float, float, float>::operator ()(at::TensorIterator &)::[lambda(float, float) (instance 1)]>, unsigned int, float, (int)4, (int)4>>(T3)"
,,50,87,0,160,3167653,19797.8,19744.0,19488,20224,169.1,"void at::native::elementwise_kernel<(int)128, (int)2, void at::native::gpu_kernel_impl_nocast<at::native::<unnamed>::where_kernel_impl(at::TensorIterator &)::[lambda() (instance 1)]::operator ()() const::[lambda() (instance 11)]::operator ()() const::[lambda(bool, float, float) (instance 1)]>(at::TensorIteratorBase &, const T1 &)::[lambda(int) (instance 1)]>(int, T3)"
,,50,87,0,160,3122109,19513.2,19488.0,19168,20352,225.1,"void at::native::elementwise_kernel<(int)128, (int)2, void at::native::gpu_kernel_impl_nocast<at::native::CUDAFunctor_add<float>>(at::TensorIteratorBase &, const T1 &)::[lambda(int) (instance 1)]>(int, T3)"
,,50,87,0,335,3055498,9120.9,7296.0,4576,12416,2477.2,"void at::native::vectorized_elementwise_kernel<(int)4, at::native::neg_kernel_cuda(at::TensorIteratorBase &)::[lambda() (instance 2)]::operator ()() const::[lambda() (instance 7)]::operator ()() const::[lambda(float) (instance 1)], std::array<char *, (unsigned long)2>>(int, T2, T3)"
,,50,87,0,160,2813133,17582.1,17024.0,11648,40351,3417.5,"void at::native::vectorized_elementwise_kernel<(int)4, at::native::sigmoid_backward_kernel_cuda(at::TensorIteratorBase &)::[lambda() (instance 2)]::operator ()() const::[lambda() (instance 2)]::operator ()() const::[lambda(float, float) (instance 1)], std::array<char *, (unsigned long)3>>(int, T2, T3)"
,,50,87,0,330,1775315,5379.7,4448.0,1312,12128,1824.2,"void at::native::elementwise_kernel<(int)128, (int)2, void at::native::gpu_kernel_impl_nocast<at::native::BUnaryFunctor<float, float, float, at::native::binary_internal::MulFunctor<float>>>(at::TensorIteratorBase &, const T1 &)::[lambda(int) (instance 1)]>(int, T3)"
,,50,87,0,650,1733234,2666.5,2143.5,1056,10016,1612.7,"void at::native::vectorized_elementwise_kernel<(int)4, at::native::AUnaryFunctor<float, float, float, at::native::binary_internal::MulFunctor<float>>, std::array<char *, (unsigned long)2>>(int, T2, T3)"
,,50,87,0,160,1467028,9168.9,9152.0,9024,9440,79.1,"void at::native::<unnamed>::CatArrayBatchedCopy<at::native::<unnamed>::OpaqueType<(unsigned int)4>, unsigned int, (int)4, (int)64, (int)64>(T1 *, at::native::<unnamed>::CatArrInputTensorMetadata<T1, T2, T4, T5>, at::native::<unnamed>::TensorSizeStride<T2, (unsigned int)4>, int, T2)"
,,50,87,0,165,1437624,8712.9,8832.0,3840,9664,812.7,"void at::native::_scatter_gather_elementwise_kernel<(int)128, (int)8, void at::native::_cuda_scatter_gather_internal_kernel<(bool)1, at::native::OpaqueType<(int)4>, long>::operator ()<at::native::TensorAssign>(at::TensorIterator &, long, long, long, const T1 &)::[lambda(int) (instance 1)]>(int, T3)"
,,50,87,0,335,1188055,3546.4,3872.0,703,15200,2829.1,"void at::native::vectorized_elementwise_kernel<(int)4, at::native::FillFunctor<float>, std::array<char *, (unsigned long)1>>(int, T2, T3)"
,,50,87,0,320,987256,3085.2,3087.5,2848,3680,167.0,"void at::native::elementwise_kernel<(int)128, (int)2, void at::native::gpu_kernel_impl_nocast<at::native::neg_kernel_cuda(at::TensorIteratorBase &)::[lambda() (instance 2)]::operator ()() const::[lambda() (instance 7)]::operator ()() const::[lambda(float) (instance 1)]>(at::TensorIteratorBase &, const T1 &)::[lambda(int) (instance 1)]>(int, T3)"
,,50,87,0,325,851093,2618.7,1472.0,896,14560,2309.2,"void at::native::vectorized_elementwise_kernel<(int)4, void at::native::<unnamed>::pow_tensor_scalar_kernel_impl<float, float>(at::TensorIteratorBase &, T2)::[lambda(float) (instance 2)], std::array<char *, (unsigned long)2>>(int, T2, T3)"
,,50,87,0,160,470076,2938.0,2912.0,2880,3168,56.1,"void at::native::<unnamed>::CatArrayBatchedCopy_vectorized<at::native::<unnamed>::OpaqueType<(unsigned int)4>, unsigned int, (int)1, (int)128, (int)1, (int)16, (int)4>(char *, at::native::<unnamed>::CatArrInputTensorMetadata<T1, T2, T4, T5>, at::native::<unnamed>::TensorSizeStride<T2, (unsigned int)4>, int, T2)"
,,50,87,0,5,28416,5683.2,5728.0,5376,5824,179.0,"void <unnamed>::indexing_backward_kernel<float, (int)4>(const long *, const long *, const T1 *, T1 *, long, long, long, long, bool)"
,,50,87,0,5,16352,3270.4,3296.0,3136,3328,79.7,"void at::native::_scatter_gather_elementwise_kernel<(int)128, (int)8, void at::native::_cuda_scatter_gather_internal_kernel<(bool)1, float, long>::operator ()<at::native::ReduceAdd>(at::TensorIterator &, long, long, long, const T1 &)::[lambda(int) (instance 1)]>(int, T3)"
,,50,87,0,5,14175,2835.0,2752.0,2719,2976,129.4,"void at::native::vectorized_elementwise_kernel<(int)2, at::native::BUnaryFunctor<long, long, long, at::native::remainder_kernel_cuda(at::TensorIteratorBase &)::[lambda() (instance 1)]::operator ()() const::[lambda() (instance 4)]::operator ()() const::[lambda(long, long) (instance 1)]>, std::array<char *, (unsigned long)2>>(int, T2, T3)"
,,50,87,0,5,10624,2124.8,2048.0,1984,2336,144.2,"void at::native::vectorized_elementwise_kernel<(int)4, at::native::BinaryFunctor<float, float, float, at::native::binary_internal::DivFunctor<float>>, std::array<char *, (unsigned long)3>>(int, T2, T3)"
,,50,87,0,5,10176,2035.2,2048.0,1920,2080,66.4,"void at::native::vectorized_elementwise_kernel<(int)2, at::native::BUnaryFunctor<long, long, long, at::native::binary_internal::div_trunc_kernel_cuda(at::TensorIteratorBase &)::[lambda() (instance 1)]::operator ()() const::[lambda() (instance 4)]::operator ()() const::[lambda(long, long) (instance 1)]>, std::array<char *, (unsigned long)2>>(int, T2, T3)"
,,50,87,0,5,7136,1427.2,1440.0,1248,1568,123.1,"void at::native::vectorized_elementwise_kernel<(int)2, at::native::AUnaryFunctor<long, long, long, at::native::binary_internal::MulFunctor<long>>, std::array<char *, (unsigned long)2>>(int, T2, T3)"
,,50,87,0,5,4576,915.2,896.0,736,1088,133.1,"void <unnamed>::elementwise_kernel_with_index<int, at::native::arange_cuda_out(const c10::Scalar &, const c10::Scalar &, const c10::Scalar &, at::Tensor &)::[lambda() (instance 1)]::operator ()() const::[lambda() (instance 4)]::operator ()() const::[lambda(long) (instance 1)]>(T1, T2, function_traits<T2>::result_type *)"
:applying attention mask,PushPop,50,50,160,160,3148709,19679.4,19648.0,19360,20416,172.6,"void at::native::elementwise_kernel<(int)128, (int)2, void at::native::gpu_kernel_impl_nocast<at::native::<unnamed>::where_kernel_impl(at::TensorIterator &)::[lambda() (instance 1)]::operator ()() const::[lambda() (instance 11)]::operator ()() const::[lambda(bool, float, float) (instance 1)]>(at::TensorIteratorBase &, const T1 &)::[lambda(int) (instance 1)]>(int, T3)"
:applying attention mask,PushPop,50,50,160,160,148029,925.2,896.0,864,1152,61.5,"void at::native::vectorized_elementwise_kernel<(int)4, at::native::FillFunctor<float>, std::array<char *, (unsigned long)1>>(int, T2, T3)"
:backward,PushPop,50,50,5,5,4768,953.6,928.0,896,1088,76.4,"void at::native::vectorized_elementwise_kernel<(int)4, at::native::FillFunctor<float>, std::array<char *, (unsigned long)1>>(int, T2, T3)"
:computing attention_scores,PushPop,50,50,160,160,6523847,40774.0,40736.0,40448,41631,176.2,cutlass3x_sm100_simt_sgemm_f32_f32_f32_f32_f32_128x64x16_1x1x1_3_tnn_align1_bias_f32_relu
:computing attention_scores,PushPop,50,50,160,160,1126968,7043.6,7008.0,6816,7520,137.2,"void at::native::vectorized_elementwise_kernel<(int)4, at::native::BUnaryFunctor<float, float, float, at::native::binary_internal::MulFunctor<float>>, std::array<char *, (unsigned long)2>>(int, T2, T3)"
:computing output,PushPop,50,50,160,160,6769035,42306.5,42272.0,41919,43456,249.2,cutlass3x_sm100_simt_sgemm_f32_f32_f32_f32_f32_32x64x16_1x1x1_3_nnn_align1_bias_f32_relu
:computing softmax,PushPop,50,50,160,160,3634687,22716.8,22688.0,22527,23264,128.9,"void at::native::elementwise_kernel<(int)128, (int)2, void at::native::gpu_kernel_impl_nocast<at::native::BinaryFunctor<float, float, float, at::native::binary_internal::DivFunctor<float>>>(at::TensorIteratorBase &, const T1 &)::[lambda(int) (instance 1)]>(int, T3)"
:computing softmax,PushPop,50,50,160,160,3055335,19095.8,19071.0,18976,19648,122.6,"void at::native::elementwise_kernel<(int)128, (int)2, void at::native::gpu_kernel_impl_nocast<at::native::CUDAFunctor_add<float>>(at::TensorIteratorBase &, const T1 &)::[lambda(int) (instance 1)]>(int, T3)"
:computing softmax,PushPop,50,50,160,160,2290798,14317.5,14304.0,14176,14592,65.7,"void at::native::reduce_kernel<(int)512, (int)1, at::native::ReduceOp<float, at::native::MaxOps<float>, unsigned int, float, (int)4, (int)4>>(T3)"
:computing softmax,PushPop,50,50,160,160,1178836,7367.7,7360.0,6944,7968,174.2,"void at::native::vectorized_elementwise_kernel<(int)4, at::native::exp_kernel_cuda(at::TensorIteratorBase &)::[lambda() (instance 2)]::operator ()() const::[lambda() (instance 2)]::operator ()() const::[lambda(float) (instance 1)], std::array<char *, (unsigned long)2>>(int, T2, T3)"
:computing softmax,PushPop,50,50,160,160,1157529,7234.6,7232.0,7104,7520,72.2,"void at::native::reduce_kernel<(int)512, (int)1, at::native::ReduceOp<float, at::native::func_wrapper_t<float, at::native::sum_functor<float, float, float>::operator ()(at::TensorIterator &)::[lambda(float, float) (instance 1)]>, unsigned int, float, (int)4, (int)4>>(T3)"
:cub::DeviceRadixSort,PushPop,50,87,5,5,26464,5292.8,5248.0,5216,5504,118.9,"void at_cuda_detail::cub::detail::radix_sort::DeviceRadixSortSingleTileKernel<at_cuda_detail::cub::detail::radix::policy_hub<long, at::cuda::cub::detail::OpaqueType<(int)8>, unsigned long long>::Policy1000, (at_cuda_detail::cub::SortOrder)0, long, at::cuda::cub::detail::OpaqueType<(int)8>, unsigned long long, at_cuda_detail::cub::detail::identity_decomposer_t>(const T3 *, T3 *, const T4 *, T4 *, T5, int, int, T6)"
:forward_loss,PushPop,50,50,5,800,231931607,289914.5,182687.0,181375,723514,214303.8,cutlass3x_sm100_simt_sgemm_f32_f32_f32_f32_f32_64x32x16_1x1x1_3_tnn_align1_bias_f32_relu
:forward_loss,PushPop,50,50,5,325,198746094,611526.4,611484.0,609403,615387,733.4,cutlass3x_sm100_simt_sgemm_f32_f32_f32_f32_f32_64x128x16_1x1x1_3_tnn_align1_bias_f32_relu
:forward_loss,PushPop,50,50,5,1930,7267939,3765.8,3520.0,2943,4896,673.6,"void at::native::elementwise_kernel<(int)128, (int)2, void at::native::gpu_kernel_impl_nocast<at::native::BinaryFunctor<float, float, float, at::native::binary_internal::MulFunctor<float>>>(at::TensorIteratorBase &, const T1 &)::[lambda(int) (instance 1)]>(int, T3)"
:forward_loss,PushPop,50,50,5,160,6769035,42306.5,42272.0,41919,43456,249.2,cutlass3x_sm100_simt_sgemm_f32_f32_f32_f32_f32_32x64x16_1x1x1_3_nnn_align1_bias_f32_relu
:forward_loss,PushPop,50,50,5,160,6523847,40774.0,40736.0,40448,41631,176.2,cutlass3x_sm100_simt_sgemm_f32_f32_f32_f32_f32_128x64x16_1x1x1_3_tnn_align1_bias_f32_relu
:forward_loss,PushPop,50,50,5,160,3634687,22716.8,22688.0,22527,23264,128.9,"void at::native::elementwise_kernel<(int)128, (int)2, void at::native::gpu_kernel_impl_nocast<at::native::BinaryFunctor<float, float, float, at::native::binary_internal::DivFunctor<float>>>(at::TensorIteratorBase &, const T1 &)::[lambda(int) (instance 1)]>(int, T3)"
:forward_loss,PushPop,50,50,5,170,3178276,18695.7,19040.0,12032,19648,1610.3,"void at::native::elementwise_kernel<(int)128, (int)2, void at::native::gpu_kernel_impl_nocast<at::native::CUDAFunctor_add<float>>(at::TensorIteratorBase &, const T1 &)::[lambda(int) (instance 1)]>(int, T3)"
:forward_loss,PushPop,50,50,5,160,3148709,19679.4,19648.0,19360,20416,172.6,"void at::native::elementwise_kernel<(int)128, (int)2, void at::native::gpu_kernel_impl_nocast<at::native::<unnamed>::where_kernel_impl(at::TensorIterator &)::[lambda() (instance 1)]::operator ()() const::[lambda() (instance 11)]::operator ()() const::[lambda(bool, float, float) (instance 1)]>(at::TensorIteratorBase &, const T1 &)::[lambda(int) (instance 1)]>(int, T3)"
:forward_loss,PushPop,50,50,5,320,2874438,8982.6,8992.0,8768,9376,124.2,"void at::native::<unnamed>::CatArrayBatchedCopy<at::native::<unnamed>::OpaqueType<(unsigned int)4>, unsigned int, (int)4, (int)64, (int)64>(T1 *, at::native::<unnamed>::CatArrInputTensorMetadata<T1, T2, T4, T5>, at::native::<unnamed>::TensorSizeStride<T2, (unsigned int)4>, int, T2)"
:forward_loss,PushPop,50,50,5,330,2856780,8656.9,8736.0,2080,8960,804.5,"void at::native::reduce_kernel<(int)512, (int)1, at::native::ReduceOp<float, at::native::MeanOps<float, float, float, float>, unsigned int, float, (int)4, (int)4>>(T3)"
:forward_loss,PushPop,50,50,5,960,2382735,2482.0,2080.0,1888,3808,604.1,"void at::native::vectorized_elementwise_kernel<(int)4, at::native::CUDAFunctor_add<float>, std::array<char *, (unsigned long)3>>(int, T2, T3)"
:forward_loss,PushPop,50,50,5,165,2345774,14216.8,14304.0,10880,14592,575.1,"void at::native::reduce_kernel<(int)512, (int)1, at::native::ReduceOp<float, at::native::MaxOps<float>, unsigned int, float, (int)4, (int)4>>(T3)"
:forward_loss,PushPop,50,50,5,320,2240428,7001.3,7088.0,5568,8704,1253.1,"void at::native::vectorized_elementwise_kernel<(int)4, at::native::BinaryFunctor<float, float, float, at::native::binary_internal::MulFunctor<float>>, std::array<char *, (unsigned long)3>>(int, T2, T3)"
:forward_loss,PushPop,50,50,5,165,1204339,7299.0,7360.0,4992,7968,426.5,"void at::native::vectorized_elementwise_kernel<(int)4, at::native::exp_kernel_cuda(at::TensorIteratorBase &)::[lambda() (instance 2)]::operator ()() const::[lambda() (instance 2)]::operator ()() const::[lambda(float) (instance 1)], std::array<char *, (unsigned long)2>>(int, T2, T3)"
:forward_loss,PushPop,50,50,5,165,1183289,7171.4,7232.0,5056,7520,365.5,"void at::native::reduce_kernel<(int)512, (int)1, at::native::ReduceOp<float, at::native::func_wrapper_t<float, at::native::sum_functor<float, float, float>::operator ()(at::TensorIterator &)::[lambda(float, float) (instance 1)]>, unsigned int, float, (int)4, (int)4>>(T3)"
:forward_loss,PushPop,50,50,5,160,1126968,7043.6,7008.0,6816,7520,137.2,"void at::native::vectorized_elementwise_kernel<(int)4, at::native::BUnaryFunctor<float, float, float, at::native::binary_internal::MulFunctor<float>>, std::array<char *, (unsigned long)2>>(int, T2, T3)"
:forward_loss,PushPop,50,50,5,160,1018709,6366.9,6351.5,6176,6912,114.7,"void at::native::vectorized_elementwise_kernel<(int)4, at::native::sigmoid_kernel_cuda(at::TensorIteratorBase &)::[lambda() (instance 2)]::operator ()() const::[lambda() (instance 2)]::operator ()() const::[lambda(float) (instance 1)], std::array<char *, (unsigned long)2>>(int, T2, T3)"
:forward_loss,PushPop,50,50,5,325,772087,2375.7,2368.0,2176,2592,64.8,"void at::native::vectorized_elementwise_kernel<(int)4, void at::native::<unnamed>::pow_tensor_scalar_kernel_impl<float, float>(at::TensorIteratorBase &, T2)::[lambda(float) (instance 1)], std::array<char *, (unsigned long)2>>(int, T2, T3)"
:forward_loss,PushPop,50,50,5,160,761271,4757.9,4736.0,4672,4992,60.4,"void at::native::elementwise_kernel<(int)128, (int)2, void at::native::gpu_kernel_impl_nocast<at::native::direct_copy_kernel_cuda(at::TensorIteratorBase &)::[lambda() (instance 3)]::operator ()() const::[lambda() (instance 7)]::operator ()() const::[lambda(float) (instance 1)]>(at::TensorIteratorBase &, const T1 &)::[lambda(int) (instance 1)]>(int, T3)"
:forward_loss,PushPop,50,50,5,160,502143,3138.4,3072.0,2848,3552,206.1,"void at::native::elementwise_kernel<(int)128, (int)4, void at::native::gpu_kernel_impl_nocast<at::native::<unnamed>::CompareFunctor<long>>(at::TensorIteratorBase &, const T1 &)::[lambda(int) (instance 1)]>(int, T3)"
:forward_loss,PushPop,50,50,5,325,461308,1419.4,1440.0,1248,1760,109.8,"void at::native::vectorized_elementwise_kernel<(int)4, at::native::rsqrt_kernel_cuda(at::TensorIteratorBase &)::[lambda() (instance 2)]::operator ()() const::[lambda() (instance 2)]::operator ()() const::[lambda(float) (instance 1)], std::array<char *, (unsigned long)2>>(int, T2, T3)"
:forward_loss,PushPop,50,50,5,325,450236,1385.3,1440.0,1056,1792,182.1,"void at::native::vectorized_elementwise_kernel<(int)4, at::native::CUDAFunctorOnSelf_add<float>, std::array<char *, (unsigned long)2>>(int, T2, T3)"
:forward_loss,PushPop,50,50,5,160,148029,925.2,896.0,864,1152,61.5,"void at::native::vectorized_elementwise_kernel<(int)4, at::native::FillFunctor<float>, std::array<char *, (unsigned long)1>>(int, T2, T3)"
:forward_loss,PushPop,50,50,5,160,136350,852.2,864.0,704,1248,110.5,"void <unnamed>::elementwise_kernel_with_index<int, at::native::arange_cuda_out(const c10::Scalar &, const c10::Scalar &, const c10::Scalar &, at::Tensor &)::[lambda() (instance 1)]::operator ()() const::[lambda() (instance 4)]::operator ()() const::[lambda(long) (instance 1)]>(T1, T2, function_traits<T2>::result_type *)"
:forward_loss,PushPop,50,50,5,5,26112,5222.4,5184.0,5152,5344,76.4,"void at::native::_scatter_gather_elementwise_kernel<(int)128, (int)8, void at::native::_cuda_scatter_gather_internal_kernel<(bool)0, at::native::OpaqueType<(int)4>, long>::operator ()<at::native::TensorAssign>(at::TensorIterator &, long, long, long, const T1 &)::[lambda(int) (instance 1)]>(int, T3)"
:forward_loss,PushPop,50,50,5,5,25216,5043.2,5024.0,4992,5120,58.1,"void at::native::vectorized_elementwise_kernel<(int)4, at::native::neg_kernel_cuda(at::TensorIteratorBase &)::[lambda() (instance 2)]::operator ()() const::[lambda() (instance 7)]::operator ()() const::[lambda(float) (instance 1)], std::array<char *, (unsigned long)2>>(int, T2, T3)"
:forward_loss,PushPop,50,50,5,5,20928,4185.6,4160.0,4096,4288,82.8,"void at::native::vectorized_gather_kernel<(int)16, long>(char *, char *, T2 *, int, long, long, long, long, bool)"
:forward_loss,PushPop,50,50,5,5,9024,1804.8,1792.0,1600,2048,195.4,"void at::native::vectorized_elementwise_kernel<(int)4, at::native::log_kernel_cuda(at::TensorIteratorBase &)::[lambda() (instance 2)]::operator ()() const::[lambda() (instance 2)]::operator ()() const::[lambda(float) (instance 1)], std::array<char *, (unsigned long)2>>(int, T2, T3)"
:ncclAllReduce,PushPop,50,87,1455,1455,171901889,118145.6,77183.0,7968,371005,92297.2,ncclDevKernel_AllReduce_Sum_f32_RING_LL(ncclDevKernelArgsStorage<(unsigned long)4096>)
:optim_step,PushPop,50,50,5,8730,127573576,14613.2,8511.5,992,34240,12708.7,"void at::native::vectorized_elementwise_kernel<(int)4, at::native::AUnaryFunctor<float, float, float, at::native::binary_internal::MulFunctor<float>>, std::array<char *, (unsigned long)2>>(int, T2, T3)"
:optim_step,PushPop,50,50,5,5820,114249954,19630.6,8512.0,992,49471,19735.9,"void at::native::vectorized_elementwise_kernel<(int)4, at::native::CUDAFunctor_add<float>, std::array<char *, (unsigned long)3>>(int, T2, T3)"
:optim_step,PushPop,50,50,5,1455,29727532,20431.3,9152.0,1631,50144,19574.2,"void at::native::vectorized_elementwise_kernel<(int)4, at::native::BinaryFunctor<float, float, float, at::native::binary_internal::DivFunctor<float>>, std::array<char *, (unsigned long)3>>(int, T2, T3)"
:optim_step,PushPop,50,50,5,1455,21991593,15114.5,9184.0,960,33856,12591.2,"void at::native::vectorized_elementwise_kernel<(int)4, void at::native::<unnamed>::pow_tensor_scalar_kernel_impl<float, float>(at::TensorIteratorBase &, T2)::[lambda(float) (instance 1)], std::array<char *, (unsigned long)2>>(int, T2, T3)"
:optim_step,PushPop,50,50,5,2910,21436080,7366.4,4768.0,768,15968,5656.4,"void at::native::vectorized_elementwise_kernel<(int)4, at::native::FillFunctor<float>, std::array<char *, (unsigned long)1>>(int, T2, T3)"
:optim_step,PushPop,50,50,5,1455,21024353,14449.7,7392.0,1280,33600,12974.3,"void at::native::vectorized_elementwise_kernel<(int)4, at::native::sqrt_kernel_cuda(at::TensorIteratorBase &)::[lambda() (instance 2)]::operator ()() const::[lambda() (instance 2)]::operator ()() const::[lambda(float) (instance 1)], std::array<char *, (unsigned long)2>>(int, T2, T3)"
:optim_step,PushPop,50,50,5,1455,19989666,13738.6,5952.0,1056,33696,13336.3,"void at::native::vectorized_elementwise_kernel<(int)4, at::native::CUDAFunctorOnSelf_add<float>, std::array<char *, (unsigned long)2>>(int, T2, T3)"
:scaled_dot_product_attention,PushPop,50,50,160,160,6769035,42306.5,42272.0,41919,43456,249.2,cutlass3x_sm100_simt_sgemm_f32_f32_f32_f32_f32_32x64x16_1x1x1_3_nnn_align1_bias_f32_relu
:scaled_dot_product_attention,PushPop,50,50,160,160,6523847,40774.0,40736.0,40448,41631,176.2,cutlass3x_sm100_simt_sgemm_f32_f32_f32_f32_f32_128x64x16_1x1x1_3_tnn_align1_bias_f32_relu
:scaled_dot_product_attention,PushPop,50,50,160,160,3634687,22716.8,22688.0,22527,23264,128.9,"void at::native::elementwise_kernel<(int)128, (int)2, void at::native::gpu_kernel_impl_nocast<at::native::BinaryFunctor<float, float, float, at::native::binary_internal::DivFunctor<float>>>(at::TensorIteratorBase &, const T1 &)::[lambda(int) (instance 1)]>(int, T3)"
:scaled_dot_product_attention,PushPop,50,50,160,160,3148709,19679.4,19648.0,19360,20416,172.6,"void at::native::elementwise_kernel<(int)128, (int)2, void at::native::gpu_kernel_impl_nocast<at::native::<unnamed>::where_kernel_impl(at::TensorIterator &)::[lambda() (instance 1)]::operator ()() const::[lambda() (instance 11)]::operator ()() const::[lambda(bool, float, float) (instance 1)]>(at::TensorIteratorBase &, const T1 &)::[lambda(int) (instance 1)]>(int, T3)"
:scaled_dot_product_attention,PushPop,50,50,160,160,3055335,19095.8,19071.0,18976,19648,122.6,"void at::native::elementwise_kernel<(int)128, (int)2, void at::native::gpu_kernel_impl_nocast<at::native::CUDAFunctor_add<float>>(at::TensorIteratorBase &, const T1 &)::[lambda(int) (instance 1)]>(int, T3)"
:scaled_dot_product_attention,PushPop,50,50,160,160,2290798,14317.5,14304.0,14176,14592,65.7,"void at::native::reduce_kernel<(int)512, (int)1, at::native::ReduceOp<float, at::native::MaxOps<float>, unsigned int, float, (int)4, (int)4>>(T3)"
:scaled_dot_product_attention,PushPop,50,50,160,160,1178836,7367.7,7360.0,6944,7968,174.2,"void at::native::vectorized_elementwise_kernel<(int)4, at::native::exp_kernel_cuda(at::TensorIteratorBase &)::[lambda() (instance 2)]::operator ()() const::[lambda() (instance 2)]::operator ()() const::[lambda(float) (instance 1)], std::array<char *, (unsigned long)2>>(int, T2, T3)"
:scaled_dot_product_attention,PushPop,50,50,160,160,1157529,7234.6,7232.0,7104,7520,72.2,"void at::native::reduce_kernel<(int)512, (int)1, at::native::ReduceOp<float, at::native::func_wrapper_t<float, at::native::sum_functor<float, float, float>::operator ()(at::TensorIterator &)::[lambda(float, float) (instance 1)]>, unsigned int, float, (int)4, (int)4>>(T3)"
:scaled_dot_product_attention,PushPop,50,50,160,160,1126968,7043.6,7008.0,6816,7520,137.2,"void at::native::vectorized_elementwise_kernel<(int)4, at::native::BUnaryFunctor<float, float, float, at::native::binary_internal::MulFunctor<float>>, std::array<char *, (unsigned long)2>>(int, T2, T3)"
:scaled_dot_product_attention,PushPop,50,50,160,160,148029,925.2,896.0,864,1152,61.5,"void at::native::vectorized_elementwise_kernel<(int)4, at::native::FillFunctor<float>, std::array<char *, (unsigned long)1>>(int, T2, T3)"
:timing,PushPop,50,50,1,800,231931607,289914.5,182687.0,181375,723514,214303.8,cutlass3x_sm100_simt_sgemm_f32_f32_f32_f32_f32_64x32x16_1x1x1_3_tnn_align1_bias_f32_relu
:timing,PushPop,50,50,1,325,198746094,611526.4,611484.0,609403,615387,733.4,cutlass3x_sm100_simt_sgemm_f32_f32_f32_f32_f32_64x128x16_1x1x1_3_tnn_align1_bias_f32_relu
:timing,PushPop,50,50,1,8730,127573576,14613.2,8511.5,992,34240,12708.7,"void at::native::vectorized_elementwise_kernel<(int)4, at::native::AUnaryFunctor<float, float, float, at::native::binary_internal::MulFunctor<float>>, std::array<char *, (unsigned long)2>>(int, T2, T3)"
:timing,PushPop,50,50,1,6780,116632689,17202.5,7872.0,992,49471,19239.2,"void at::native::vectorized_elementwise_kernel<(int)4, at::native::CUDAFunctor_add<float>, std::array<char *, (unsigned long)3>>(int, T2, T3)"
:timing,PushPop,50,50,1,1455,29727532,20431.3,9152.0,1631,50144,19574.2,"void at::native::vectorized_elementwise_kernel<(int)4, at::native::BinaryFunctor<float, float, float, at::native::binary_internal::DivFunctor<float>>, std::array<char *, (unsigned long)3>>(int, T2, T3)"
:timing,PushPop,50,50,1,1780,22763680,12788.6,8992.0,960,33856,12402.0,"void at::native::vectorized_elementwise_kernel<(int)4, void at::native::<unnamed>::pow_tensor_scalar_kernel_impl<float, float>(at::TensorIteratorBase &, T2)::[lambda(float) (instance 1)], std::array<char *, (unsigned long)2>>(int, T2, T3)"
:timing,PushPop,50,50,1,3075,21588877,7020.8,4767.0,768,15968,5690.7,"void at::native::vectorized_elementwise_kernel<(int)4, at::native::FillFunctor<float>, std::array<char *, (unsigned long)1>>(int, T2, T3)"
:timing,PushPop,50,50,1,1455,21024353,14449.7,7392.0,1280,33600,12974.3,"void at::native::vectorized_elementwise_kernel<(int)4, at::native::sqrt_kernel_cuda(at::TensorIteratorBase &)::[lambda() (instance 2)]::operator ()() const::[lambda() (instance 2)]::operator ()() const::[lambda(float) (instance 1)], std::array<char *, (unsigned long)2>>(int, T2, T3)"
:timing,PushPop,50,50,1,1780,20439902,11483.1,5888.0,1056,33696,12967.6,"void at::native::vectorized_elementwise_kernel<(int)4, at::native::CUDAFunctorOnSelf_add<float>, std::array<char *, (unsigned long)2>>(int, T2, T3)"
:timing,PushPop,50,50,1,1930,7267939,3765.8,3520.0,2943,4896,673.6,"void at::native::elementwise_kernel<(int)128, (int)2, void at::native::gpu_kernel_impl_nocast<at::native::BinaryFunctor<float, float, float, at::native::binary_internal::MulFunctor<float>>>(at::TensorIteratorBase &, const T1 &)::[lambda(int) (instance 1)]>(int, T3)"
:timing,PushPop,50,50,1,160,6769035,42306.5,42272.0,41919,43456,249.2,cutlass3x_sm100_simt_sgemm_f32_f32_f32_f32_f32_32x64x16_1x1x1_3_nnn_align1_bias_f32_relu
:timing,PushPop,50,50,1,160,6523847,40774.0,40736.0,40448,41631,176.2,cutlass3x_sm100_simt_sgemm_f32_f32_f32_f32_f32_128x64x16_1x1x1_3_tnn_align1_bias_f32_relu
:timing,PushPop,50,50,1,160,3634687,22716.8,22688.0,22527,23264,128.9,"void at::native::elementwise_kernel<(int)128, (int)2, void at::native::gpu_kernel_impl_nocast<at::native::BinaryFunctor<float, float, float, at::native::binary_internal::DivFunctor<float>>>(at::TensorIteratorBase &, const T1 &)::[lambda(int) (instance 1)]>(int, T3)"
:timing,PushPop,50,50,1,170,3178276,18695.7,19040.0,12032,19648,1610.3,"void at::native::elementwise_kernel<(int)128, (int)2, void at::native::gpu_kernel_impl_nocast<at::native::CUDAFunctor_add<float>>(at::TensorIteratorBase &, const T1 &)::[lambda(int) (instance 1)]>(int, T3)"
:timing,PushPop,50,50,1,160,3148709,19679.4,19648.0,19360,20416,172.6,"void at::native::elementwise_kernel<(int)128, (int)2, void at::native::gpu_kernel_impl_nocast<at::native::<unnamed>::where_kernel_impl(at::TensorIterator &)::[lambda() (instance 1)]::operator ()() const::[lambda() (instance 11)]::operator ()() const::[lambda(bool, float, float) (instance 1)]>(at::TensorIteratorBase &, const T1 &)::[lambda(int) (instance 1)]>(int, T3)"
:timing,PushPop,50,50,1,320,2874438,8982.6,8992.0,8768,9376,124.2,"void at::native::<unnamed>::CatArrayBatchedCopy<at::native::<unnamed>::OpaqueType<(unsigned int)4>, unsigned int, (int)4, (int)64, (int)64>(T1 *, at::native::<unnamed>::CatArrInputTensorMetadata<T1, T2, T4, T5>, at::native::<unnamed>::TensorSizeStride<T2, (unsigned int)4>, int, T2)"
:timing,PushPop,50,50,1,330,2856780,8656.9,8736.0,2080,8960,804.5,"void at::native::reduce_kernel<(int)512, (int)1, at::native::ReduceOp<float, at::native::MeanOps<float, float, float, float>, unsigned int, float, (int)4, (int)4>>(T3)"
:timing,PushPop,50,50,1,165,2345774,14216.8,14304.0,10880,14592,575.1,"void at::native::reduce_kernel<(int)512, (int)1, at::native::ReduceOp<float, at::native::MaxOps<float>, unsigned int, float, (int)4, (int)4>>(T3)"
:timing,PushPop,50,50,1,320,2240428,7001.3,7088.0,5568,8704,1253.1,"void at::native::vectorized_elementwise_kernel<(int)4, at::native::BinaryFunctor<float, float, float, at::native::binary_internal::MulFunctor<float>>, std::array<char *, (unsigned long)3>>(int, T2, T3)"
:timing,PushPop,50,50,1,165,1204339,7299.0,7360.0,4992,7968,426.5,"void at::native::vectorized_elementwise_kernel<(int)4, at::native::exp_kernel_cuda(at::TensorIteratorBase &)::[lambda() (instance 2)]::operator ()() const::[lambda() (instance 2)]::operator ()() const::[lambda(float) (instance 1)], std::array<char *, (unsigned long)2>>(int, T2, T3)"
:timing,PushPop,50,50,1,165,1183289,7171.4,7232.0,5056,7520,365.5,"void at::native::reduce_kernel<(int)512, (int)1, at::native::ReduceOp<float, at::native::func_wrapper_t<float, at::native::sum_functor<float, float, float>::operator ()(at::TensorIterator &)::[lambda(float, float) (instance 1)]>, unsigned int, float, (int)4, (int)4>>(T3)"
:timing,PushPop,50,50,1,160,1126968,7043.6,7008.0,6816,7520,137.2,"void at::native::vectorized_elementwise_kernel<(int)4, at::native::BUnaryFunctor<float, float, float, at::native::binary_internal::MulFunctor<float>>, std::array<char *, (unsigned long)2>>(int, T2, T3)"
:timing,PushPop,50,50,1,160,1018709,6366.9,6351.5,6176,6912,114.7,"void at::native::vectorized_elementwise_kernel<(int)4, at::native::sigmoid_kernel_cuda(at::TensorIteratorBase &)::[lambda() (instance 2)]::operator ()() const::[lambda() (instance 2)]::operator ()() const::[lambda(float) (instance 1)], std::array<char *, (unsigned long)2>>(int, T2, T3)"
:timing,PushPop,50,50,1,160,761271,4757.9,4736.0,4672,4992,60.4,"void at::native::elementwise_kernel<(int)128, (int)2, void at::native::gpu_kernel_impl_nocast<at::native::direct_copy_kernel_cuda(at::TensorIteratorBase &)::[lambda() (instance 3)]::operator ()() const::[lambda() (instance 7)]::operator ()() const::[lambda(float) (instance 1)]>(at::TensorIteratorBase &, const T1 &)::[lambda(int) (instance 1)]>(int, T3)"
:timing,PushPop,50,50,1,160,502143,3138.4,3072.0,2848,3552,206.1,"void at::native::elementwise_kernel<(int)128, (int)4, void at::native::gpu_kernel_impl_nocast<at::native::<unnamed>::CompareFunctor<long>>(at::TensorIteratorBase &, const T1 &)::[lambda(int) (instance 1)]>(int, T3)"
:timing,PushPop,50,50,1,325,461308,1419.4,1440.0,1248,1760,109.8,"void at::native::vectorized_elementwise_kernel<(int)4, at::native::rsqrt_kernel_cuda(at::TensorIteratorBase &)::[lambda() (instance 2)]::operator ()() const::[lambda() (instance 2)]::operator ()() const::[lambda(float) (instance 1)], std::array<char *, (unsigned long)2>>(int, T2, T3)"
:timing,PushPop,50,50,1,160,136350,852.2,864.0,704,1248,110.5,"void <unnamed>::elementwise_kernel_with_index<int, at::native::arange_cuda_out(const c10::Scalar &, const c10::Scalar &, const c10::Scalar &, at::Tensor &)::[lambda() (instance 1)]::operator ()() const::[lambda() (instance 4)]::operator ()() const::[lambda(long) (instance 1)]>(T1, T2, function_traits<T2>::result_type *)"
:timing,PushPop,50,50,1,5,26112,5222.4,5184.0,5152,5344,76.4,"void at::native::_scatter_gather_elementwise_kernel<(int)128, (int)8, void at::native::_cuda_scatter_gather_internal_kernel<(bool)0, at::native::OpaqueType<(int)4>, long>::operator ()<at::native::TensorAssign>(at::TensorIterator &, long, long, long, const T1 &)::[lambda(int) (instance 1)]>(int, T3)"
:timing,PushPop,50,50,1,5,25216,5043.2,5024.0,4992,5120,58.1,"void at::native::vectorized_elementwise_kernel<(int)4, at::native::neg_kernel_cuda(at::TensorIteratorBase &)::[lambda() (instance 2)]::operator ()() const::[lambda() (instance 7)]::operator ()() const::[lambda(float) (instance 1)], std::array<char *, (unsigned long)2>>(int, T2, T3)"
:timing,PushPop,50,50,1,5,20928,4185.6,4160.0,4096,4288,82.8,"void at::native::vectorized_gather_kernel<(int)16, long>(char *, char *, T2 *, int, long, long, long, long, bool)"
:timing,PushPop,50,50,1,5,9024,1804.8,1792.0,1600,2048,195.4,"void at::native::vectorized_elementwise_kernel<(int)4, at::native::log_kernel_cuda(at::TensorIteratorBase &)::[lambda() (instance 2)]::operator ()() const::[lambda() (instance 2)]::operator ()() const::[lambda(float) (instance 1)], std::array<char *, (unsigned long)2>>(int, T2, T3)"
