Time (%),Total Time (ns),Instances,Avg (ns),Med (ns),Min (ns),Max (ns),StdDev (ns),Name
17.2,533955500,504,1059435.5,515551.0,506175,1797916,635270.6,cutlass3x_sm100_simt_sgemm_f32_f32_f32_f32_f32_64x64x16_1x1x1_3_ntn_align1_bias_f32_relu
14.0,434921692,290,1499730.0,1752427.5,1212957,3500440,317310.8,cutlass3x_sm100_simt_sgemm_f32_f32_f32_f32_f32_128x128x16_1x1x1_3_tnn_align1_bias_f32_relu
12.9,399294787,434,920034.1,494894.5,493023,3378233,608832.7,cutlass3x_sm100_simt_sgemm_f32_f32_f32_f32_f32_128x64x16_1x1x1_3_nnn_align1_bias_f32_relu
9.3,287548131,288,998431.0,1021741.5,924766,1025118,41755.2,"void at::native::elementwise_kernel<(int)128, (int)2, void at::native::gpu_kernel_impl_nocast<at::native::BinaryFunctor<float, float, float, at::native::binary_internal::DivFunctor<float>>>(at::TensorIteratorBase &, const T1 &)::[lambda(int) (instance 1)]>(int, T3)"
4.8,148487530,288,515581.7,514143.0,513214,534239,3000.7,cutlass3x_sm100_simt_sgemm_f32_f32_f32_f32_f32_64x128x16_1x1x1_3_tnn_align1_bias_f32_relu
4.2,130129939,72,1807360.3,1807804.0,1801532,1813212,2526.6,cutlass3x_sm100_simt_sgemm_f32_f32_f32_f32_f32_128x64x16_1x1x1_3_tnn_align1_bias_f32_relu
4.1,128146396,144,889905.5,890046.0,887070,891390,854.6,"void at::native::elementwise_kernel<(int)128, (int)2, void at::native::gpu_kernel_impl_nocast<at::native::<unnamed>::where_kernel_impl(at::TensorIterator &)::[lambda() (instance 1)]::operator ()() const::[lambda() (instance 11)]::operator ()() const::[lambda(bool, float, float) (instance 1)]>(at::TensorIteratorBase &, const T1 &)::[lambda(int) (instance 1)]>(int, T3)"
4.1,127569958,148,861959.2,879054.0,208671,885630,109246.5,"void at::native::elementwise_kernel<(int)128, (int)2, void at::native::gpu_kernel_impl_nocast<at::native::CUDAFunctor_add<float>>(at::TensorIteratorBase &, const T1 &)::[lambda(int) (instance 1)]>(int, T3)"
4.0,124391078,72,1727653.9,1727501.0,1726492,1729404,682.2,cutlass3x_sm100_simt_sgemm_f32_f32_f32_f32_f32_128x128x16_1x1x1_3_nnn_align1_bias_f32_relu
3.9,121920644,1160,105104.0,19376.0,1056,579295,179092.5,"void at::native::vectorized_elementwise_kernel<(int)4, at::native::BinaryFunctor<float, float, float, at::native::binary_internal::MulFunctor<float>>, std::array<char *, (unsigned long)3>>(int, T2, T3)"
3.8,116745471,144,810732.4,810494.5,807230,815326,2687.0,cutlass3x_sm100_simt_sgemm_f32_f32_f32_f32_f32_64x128x16_1x1x1_3_nnn_align1_bias_f32_relu
2.3,72942322,3993,18267.5,6848.0,928,584351,77002.8,"void at::native::vectorized_elementwise_kernel<(int)4, at::native::CUDAFunctor_add<float>, std::array<char *, (unsigned long)3>>(int, T2, T3)"
2.1,63937004,74,864013.6,792782.0,791614,3430103,430598.6,cutlass3x_sm100_simt_sgemm_f32_f32_f32_f32_f32_128x64x16_1x1x1_3_ntn_align1_bias_f32_relu
1.8,56242884,152,370019.0,385023.0,93728,388255,64796.7,"void at::native::vectorized_elementwise_kernel<(int)4, at::native::neg_kernel_cuda(at::TensorIteratorBase &)::[lambda() (instance 2)]::operator ()() const::[lambda() (instance 7)]::operator ()() const::[lambda(float) (instance 1)], std::array<char *, (unsigned long)2>>(int, T2, T3)"
1.8,56168232,72,780114.3,780126.0,779743,780415,160.0,cutlass3x_sm100_simt_sgemm_f32_f32_f32_f32_f32_64x128x16_1x1x1_3_ntn_align1_bias_f32_relu
1.8,55583977,144,385999.8,385935.0,382943,389631,1746.5,"void at::native::vectorized_elementwise_kernel<(int)4, at::native::BUnaryFunctor<float, float, float, at::native::binary_internal::MulFunctor<float>>, std::array<char *, (unsigned long)2>>(int, T2, T3)"
1.7,51539344,368,140052.6,226528.0,12544,229823,104796.2,"void at::native::reduce_kernel<(int)512, (int)1, at::native::ReduceOp<float, at::native::func_wrapper_t<float, at::native::sum_functor<float, float, float>::operator ()(at::TensorIterator &)::[lambda(float, float) (instance 1)]>, unsigned int, float, (int)4, (int)4>>(T3)"
1.2,35852706,1738,20628.7,23167.5,12256,208288,7999.0,"void at::native::elementwise_kernel<(int)128, (int)2, void at::native::gpu_kernel_impl_nocast<at::native::BinaryFunctor<float, float, float, at::native::binary_internal::MulFunctor<float>>>(at::TensorIteratorBase &, const T1 &)::[lambda(int) (instance 1)]>(int, T3)"
0.9,27897149,74,376988.5,384767.0,93760,387135,47434.9,"void at::native::vectorized_elementwise_kernel<(int)4, at::native::exp_kernel_cuda(at::TensorIteratorBase &)::[lambda() (instance 2)]::operator ()() const::[lambda() (instance 2)]::operator ()() const::[lambda(float) (instance 1)], std::array<char *, (unsigned long)2>>(int, T2, T3)"
0.9,26870258,1082,24833.9,30048.0,9120,54816,9652.8,"void at::native::elementwise_kernel<(int)128, (int)2, void at::native::gpu_kernel_impl_nocast<at::native::direct_copy_kernel_cuda(at::TensorIteratorBase &)::[lambda() (instance 3)]::operator ()() const::[lambda() (instance 7)]::operator ()() const::[lambda(float) (instance 1)]>(at::TensorIteratorBase &, const T1 &)::[lambda(int) (instance 1)]>(int, T3)"
0.7,22979212,74,310529.9,315839.5,117376,316767,32394.7,"void at::native::reduce_kernel<(int)512, (int)1, at::native::ReduceOp<float, at::native::MaxOps<float>, unsigned int, float, (int)4, (int)4>>(T3)"
0.6,18487422,4219,4381.9,3168.0,800,16672,2977.2,"void at::native::vectorized_elementwise_kernel<(int)4, at::native::AUnaryFunctor<float, float, float, at::native::binary_internal::MulFunctor<float>>, std::array<char *, (unsigned long)2>>(int, T2, T3)"
0.5,16524571,1532,10786.3,1920.0,608,179519,36990.5,"void at::native::vectorized_elementwise_kernel<(int)4, at::native::FillFunctor<float>, std::array<char *, (unsigned long)1>>(int, T2, T3)"
0.4,12242628,216,56678.8,54560.0,53632,63008,3311.4,"void at::native::<unnamed>::CatArrayBatchedCopy<at::native::<unnamed>::OpaqueType<(unsigned int)4>, unsigned int, (int)4, (int)64, (int)64>(T1 *, at::native::<unnamed>::CatArrInputTensorMetadata<T1, T2, T4, T5>, at::native::<unnamed>::TensorSizeStride<T2, (unsigned int)4>, int, T2)"
0.2,5300973,72,73624.6,73583.5,72767,75488,474.0,"void at::native::vectorized_elementwise_kernel<(int)4, at::native::sigmoid_backward_kernel_cuda(at::TensorIteratorBase &)::[lambda() (instance 2)]::operator ()() const::[lambda() (instance 2)]::operator ()() const::[lambda(float, float) (instance 1)], std::array<char *, (unsigned long)3>>(int, T2, T3)"
0.1,4221014,801,5269.7,2336.0,800,16736,3773.3,"void at::native::vectorized_elementwise_kernel<(int)4, void at::native::<unnamed>::pow_tensor_scalar_kernel_impl<float, float>(at::TensorIteratorBase &, T2)::[lambda(float) (instance 1)], std::array<char *, (unsigned long)2>>(int, T2, T3)"
0.1,3538549,72,49146.5,49152.0,48416,50176,412.4,"void at::native::vectorized_elementwise_kernel<(int)4, at::native::sigmoid_kernel_cuda(at::TensorIteratorBase &)::[lambda() (instance 2)]::operator ()() const::[lambda() (instance 2)]::operator ()() const::[lambda(float) (instance 1)], std::array<char *, (unsigned long)2>>(int, T2, T3)"
0.1,3310940,148,22371.2,22624.0,1760,22912,2418.0,"void at::native::elementwise_kernel<(int)128, (int)2, void at::native::gpu_kernel_impl_nocast<at::native::BUnaryFunctor<float, float, float, at::native::binary_internal::MulFunctor<float>>>(at::TensorIteratorBase &, const T1 &)::[lambda(int) (instance 1)]>(int, T3)"
0.1,3177047,657,4835.7,2848.0,1728,22528,3481.4,"void at::native::vectorized_elementwise_kernel<(int)4, at::native::BinaryFunctor<float, float, float, at::native::binary_internal::DivFunctor<float>>, std::array<char *, (unsigned long)3>>(int, T2, T3)"
0.1,2920475,146,20003.3,20032.0,19008,21280,501.1,"void at::native::reduce_kernel<(int)128, (int)4, at::native::ReduceOp<float, at::native::func_wrapper_t<float, at::native::sum_functor<float, float, float>::operator ()(at::TensorIterator &)::[lambda(float, float) (instance 1)]>, unsigned int, float, (int)4, (int)4>>(T3)"
0.1,2601756,655,3972.1,2560.0,1184,17120,2740.3,"void at::native::vectorized_elementwise_kernel<(int)4, at::native::sqrt_kernel_cuda(at::TensorIteratorBase &)::[lambda() (instance 2)]::operator ()() const::[lambda() (instance 2)]::operator ()() const::[lambda(float) (instance 1)], std::array<char *, (unsigned long)2>>(int, T2, T3)"
0.1,2367997,801,2956.3,2272.0,960,12128,2002.1,"void at::native::vectorized_elementwise_kernel<(int)4, at::native::CUDAFunctorOnSelf_add<float>, std::array<char *, (unsigned long)2>>(int, T2, T3)"
0.1,2268793,144,15755.5,15824.0,15200,16384,319.0,"void at::native::elementwise_kernel<(int)128, (int)2, void at::native::gpu_kernel_impl_nocast<at::native::neg_kernel_cuda(at::TensorIteratorBase &)::[lambda() (instance 2)]::operator ()() const::[lambda() (instance 7)]::operator ()() const::[lambda(float) (instance 1)]>(at::TensorIteratorBase &, const T1 &)::[lambda(int) (instance 1)]>(int, T3)"
0.0,1127645,148,7619.2,7648.0,2912,8640,651.7,"void at::native::reduce_kernel<(int)512, (int)1, at::native::ReduceOp<float, at::native::MeanOps<float, float, float, float>, unsigned int, float, (int)4, (int)4>>(T3)"
0.0,925085,74,12501.1,12528.0,10400,13280,388.2,"void at::native::_scatter_gather_elementwise_kernel<(int)128, (int)8, void at::native::_cuda_scatter_gather_internal_kernel<(bool)1, at::native::OpaqueType<(int)4>, long>::operator ()<at::native::TensorAssign>(at::TensorIterator &, long, long, long, const T1 &)::[lambda(int) (instance 1)]>(int, T3)"
0.0,881566,72,12244.0,12256.0,11776,12768,237.7,"void at::native::<unnamed>::CatArrayBatchedCopy_vectorized<at::native::<unnamed>::OpaqueType<(unsigned int)4>, unsigned int, (int)1, (int)128, (int)1, (int)16, (int)4>(char *, at::native::<unnamed>::CatArrInputTensorMetadata<T1, T2, T4, T5>, at::native::<unnamed>::TensorSizeStride<T2, (unsigned int)4>, int, T2)"
0.0,623901,72,8665.3,8672.0,8576,8864,55.0,"void at::native::elementwise_kernel<(int)128, (int)4, void at::native::gpu_kernel_impl_nocast<at::native::<unnamed>::CompareFunctor<long>>(at::TensorIteratorBase &, const T1 &)::[lambda(int) (instance 1)]>(int, T3)"
0.0,245310,146,1680.2,1632.0,1535,2112,111.5,"void at::native::vectorized_elementwise_kernel<(int)4, void at::native::<unnamed>::pow_tensor_scalar_kernel_impl<float, float>(at::TensorIteratorBase &, T2)::[lambda(float) (instance 2)], std::array<char *, (unsigned long)2>>(int, T2, T3)"
0.0,184863,146,1266.2,1280.0,1152,1504,72.9,"void at::native::vectorized_elementwise_kernel<(int)4, at::native::rsqrt_kernel_cuda(at::TensorIteratorBase &)::[lambda() (instance 2)]::operator ()() const::[lambda() (instance 2)]::operator ()() const::[lambda(float) (instance 1)], std::array<char *, (unsigned long)2>>(int, T2, T3)"
0.0,87744,74,1185.7,1152.0,1024,1568,98.2,"void <unnamed>::elementwise_kernel_with_index<int, at::native::arange_cuda_out(const c10::Scalar &, const c10::Scalar &, const c10::Scalar &, at::Tensor &)::[lambda() (instance 1)]::operator ()() const::[lambda() (instance 4)]::operator ()() const::[lambda(long) (instance 1)]>(T1, T2, function_traits<T2>::result_type *)"
0.0,39264,2,19632.0,19632.0,19616,19648,22.6,"void <unnamed>::indexing_backward_kernel<float, (int)4>(const long *, const long *, const T1 *, T1 *, long, long, long, long, bool)"
0.0,36416,2,18208.0,18208.0,17984,18432,316.8,"void at::native::vectorized_gather_kernel<(int)16, long>(char *, char *, T2 *, int, long, long, long, long, bool)"
0.0,28384,4,7096.0,7120.0,6624,7520,428.8,"void at_cuda_detail::cub::detail::radix_sort::DeviceRadixSortOnesweepKernel<at_cuda_detail::cub::detail::radix::policy_hub<long, at::cuda::cub::detail::OpaqueType<(int)8>, unsigned long long>::Policy1000, (at_cuda_detail::cub::SortOrder)0, long, at::cuda::cub::detail::OpaqueType<(int)8>, unsigned long long, int, int, at_cuda_detail::cub::detail::identity_decomposer_t>(T7 *, T7 *, T5 *, const T5 *, T3 *, const T3 *, T4 *, const T4 *, T6, int, int, T8)"
0.0,24416,2,12208.0,12208.0,12000,12416,294.2,"void at::native::_scatter_gather_elementwise_kernel<(int)128, (int)8, void at::native::_cuda_scatter_gather_internal_kernel<(bool)0, at::native::OpaqueType<(int)4>, long>::operator ()<at::native::TensorAssign>(at::TensorIterator &, long, long, long, const T1 &)::[lambda(int) (instance 1)]>(int, T3)"
0.0,21376,2,10688.0,10688.0,10592,10784,135.8,"void at::native::_scatter_gather_elementwise_kernel<(int)128, (int)8, void at::native::_cuda_scatter_gather_internal_kernel<(bool)1, float, long>::operator ()<at::native::ReduceAdd>(at::TensorIterator &, long, long, long, const T1 &)::[lambda(int) (instance 1)]>(int, T3)"
0.0,5792,2,2896.0,2896.0,2880,2912,22.6,"void at::native::vectorized_elementwise_kernel<(int)2, at::native::BUnaryFunctor<long, long, long, at::native::remainder_kernel_cuda(at::TensorIteratorBase &)::[lambda() (instance 1)]::operator ()() const::[lambda() (instance 4)]::operator ()() const::[lambda(long, long) (instance 1)]>, std::array<char *, (unsigned long)2>>(int, T2, T3)"
0.0,5120,2,2560.0,2560.0,2528,2592,45.3,"void at_cuda_detail::cub::detail::radix_sort::DeviceRadixSortHistogramKernel<at_cuda_detail::cub::detail::radix::policy_hub<long, at::cuda::cub::detail::OpaqueType<(int)8>, unsigned long long>::Policy1000, (at_cuda_detail::cub::SortOrder)0, long, unsigned long long, at_cuda_detail::cub::detail::identity_decomposer_t>(T4 *, const T3 *, T4, int, int, T5)"
0.0,4608,2,2304.0,2304.0,2240,2368,90.5,"void at::native::vectorized_elementwise_kernel<(int)2, at::native::BUnaryFunctor<long, long, long, at::native::binary_internal::div_trunc_kernel_cuda(at::TensorIteratorBase &)::[lambda() (instance 1)]::operator ()() const::[lambda() (instance 4)]::operator ()() const::[lambda(long, long) (instance 1)]>, std::array<char *, (unsigned long)2>>(int, T2, T3)"
0.0,3712,2,1856.0,1856.0,1792,1920,90.5,"void at::native::vectorized_elementwise_kernel<(int)4, at::native::log_kernel_cuda(at::TensorIteratorBase &)::[lambda() (instance 2)]::operator ()() const::[lambda() (instance 2)]::operator ()() const::[lambda(float) (instance 1)], std::array<char *, (unsigned long)2>>(int, T2, T3)"
0.0,3104,2,1552.0,1552.0,1536,1568,22.6,"void at_cuda_detail::cub::detail::radix_sort::DeviceRadixSortExclusiveSumKernel<at_cuda_detail::cub::detail::radix::policy_hub<long, at::cuda::cub::detail::OpaqueType<(int)8>, unsigned long long>::Policy1000, unsigned long long>(T2 *)"
0.0,2848,2,1424.0,1424.0,1344,1504,113.1,"void at::native::vectorized_elementwise_kernel<(int)2, at::native::AUnaryFunctor<long, long, long, at::native::binary_internal::MulFunctor<long>>, std::array<char *, (unsigned long)2>>(int, T2, T3)"
