Time (%),Total Time (ns),Instances,Avg (ns),Med (ns),Min (ns),Max (ns),StdDev (ns),Style,Range
33.1,3152606369,1,3152606369.0,3152606369.0,3152606369,3152606369,0.0,PushPop,:timing
21.8,2074937642,2,1037468821.0,1037468821.0,1037421012,1037516630,67612.1,PushPop,:backward
21.8,2074885463,2,1037442731.5,1037442731.5,1037397913,1037487550,63382.9,PushPop,:torch.autograd.backward
6.2,594381448,2,297190724.0,297190724.0,297076907,297304541,160961.5,PushPop,:optim_step
4.9,463660494,2,231830247.0,231830247.0,231811838,231848656,26034.3,PushPop,:forward
1.7,160106795,144,1111852.7,77978.0,58499,3712343,1439055.5,PushPop,:BasicsTransformerLM.layers.0.attn.positional_encoder
0.3,28662179,2,14331089.5,14331089.5,14328615,14333564,3499.5,PushPop,:BasicsTransformerLM.layers.34
0.3,28651769,2,14325884.5,14325884.5,14324454,14327315,2023.0,PushPop,:BasicsTransformerLM.layers.27
0.3,28650540,2,14325270.0,14325270.0,14324115,14326425,1633.4,PushPop,:BasicsTransformerLM.layers.25
0.3,28631240,2,14315620.0,14315620.0,14313095,14318145,3570.9,PushPop,:BasicsTransformerLM.layers.33
0.3,28630391,2,14315195.5,14315195.5,14304846,14325545,14636.4,PushPop,:BasicsTransformerLM.layers.22
0.3,28630100,2,14315050.0,14315050.0,14313655,14316445,1972.8,PushPop,:BasicsTransformerLM.layers.28
0.3,28629900,2,14314950.0,14314950.0,14314335,14315565,869.7,PushPop,:BasicsTransformerLM.layers.30
0.3,28627960,2,14313980.0,14313980.0,14312055,14315905,2722.4,PushPop,:BasicsTransformerLM.layers.23
0.3,28625430,2,14312715.0,14312715.0,14308705,14316725,5671.0,PushPop,:BasicsTransformerLM.layers.31
0.3,28622590,2,14311295.0,14311295.0,14301905,14320685,13279.5,PushPop,:BasicsTransformerLM.layers.29
0.3,28621950,2,14310975.0,14310975.0,14305565,14316385,7650.9,PushPop,:BasicsTransformerLM.layers.26
0.3,28621540,2,14310770.0,14310770.0,14300415,14321125,14644.2,PushPop,:BasicsTransformerLM.layers.32
0.3,28618062,2,14309031.0,14309031.0,14307606,14310456,2015.3,PushPop,:BasicsTransformerLM.layers.24
0.3,28612370,2,14306185.0,14306185.0,14302715,14309655,4907.3,PushPop,:BasicsTransformerLM.layers.35
0.3,25503162,2,12751581.0,12751581.0,12750796,12752366,1110.2,PushPop,:BasicsTransformerLM.layers.21
0.3,25032694,2,12516347.0,12516347.0,12512102,12520592,6003.3,PushPop,:BasicsTransformerLM.layers.27.attn
0.3,25031525,2,12515762.5,12515762.5,12503543,12527982,17281.0,PushPop,:BasicsTransformerLM.layers.35.attn
0.3,25030354,2,12515177.0,12515177.0,12503862,12526492,16001.8,PushPop,:BasicsTransformerLM.layers.25.attn
0.3,25017145,2,12508572.5,12508572.5,12505773,12511372,3959.1,PushPop,:BasicsTransformerLM.layers.30.attn
0.3,25015336,2,12507668.0,12507668.0,12502353,12512983,7516.5,PushPop,:BasicsTransformerLM.layers.22.attn
0.3,25014105,2,12507052.5,12507052.5,12506482,12507623,806.8,PushPop,:BasicsTransformerLM.layers.33.attn
0.3,25008594,2,12504297.0,12504297.0,12489972,12518622,20258.6,PushPop,:BasicsTransformerLM.layers.29.attn
0.3,25007045,2,12503522.5,12503522.5,12499233,12507812,6066.3,PushPop,:BasicsTransformerLM.layers.34.attn
0.3,25002666,2,12501333.0,12501333.0,12501063,12501603,381.8,PushPop,:BasicsTransformerLM.layers.26.attn
0.3,25002464,2,12501232.0,12501232.0,12500192,12502272,1470.8,PushPop,:BasicsTransformerLM.layers.24.attn
0.3,25002264,2,12501132.0,12501132.0,12500472,12501792,933.4,PushPop,:BasicsTransformerLM.layers.28.attn
0.3,25001354,2,12500677.0,12500677.0,12497742,12503612,4150.7,PushPop,:BasicsTransformerLM.layers.23.attn
0.3,25000305,2,12500152.5,12500152.5,12495562,12504743,6491.9,PushPop,:BasicsTransformerLM.layers.32.attn
0.3,24995526,2,12497763.0,12497763.0,12493163,12502363,6505.4,PushPop,:BasicsTransformerLM.layers.31.attn
0.2,21952205,2,10976102.5,10976102.5,10973212,10978993,4087.8,PushPop,:BasicsTransformerLM.layers.21.attn
0.1,10553144,2,5276572.0,5276572.0,5262342,5290802,20124.3,PushPop,:loss
0.0,3365011,2,1682505.5,1682505.5,1657886,1707125,34817.2,PushPop,:BasicsTransformerLM.layers.0
0.0,3075479,2,1537739.5,1537739.5,1536150,1539329,2247.9,PushPop,:BasicsTransformerLM.layers.32.ln2
0.0,3075150,2,1537575.0,1537575.0,1535620,1539530,2764.8,PushPop,:BasicsTransformerLM.layers.34.ln2
0.0,3071870,2,1535935.0,1535935.0,1532790,1539080,4447.7,PushPop,:BasicsTransformerLM.layers.26.ln2
0.0,3067959,2,1533979.5,1533979.5,1530090,1537869,5500.6,PushPop,:BasicsTransformerLM.layers.28.ln2
0.0,3067169,2,1533584.5,1533584.5,1532639,1534530,1337.1,PushPop,:BasicsTransformerLM.layers.31.ln2
0.0,3066879,2,1533439.5,1533439.5,1529830,1537049,5104.6,PushPop,:BasicsTransformerLM.layers.21.ln2
0.0,3066150,2,1533075.0,1533075.0,1532560,1533590,728.3,PushPop,:BasicsTransformerLM.layers.22.ln2
0.0,3065290,2,1532645.0,1532645.0,1531590,1533700,1492.0,PushPop,:BasicsTransformerLM.layers.23.ln2
0.0,3063870,2,1531935.0,1531935.0,1524340,1539530,10741.0,PushPop,:BasicsTransformerLM.layers.29.ln2
0.0,3063110,2,1531555.0,1531555.0,1529200,1533910,3330.5,PushPop,:BasicsTransformerLM.layers.24.ln2
0.0,3062660,2,1531330.0,1531330.0,1530600,1532060,1032.4,PushPop,:BasicsTransformerLM.layers.33.ln2
0.0,3054340,2,1527170.0,1527170.0,1524580,1529760,3662.8,PushPop,:BasicsTransformerLM.layers.30.ln2
0.0,3054279,2,1527139.5,1527139.5,1512160,1542119,21184.2,PushPop,:BasicsTransformerLM.layers.25.ln2
0.0,3052761,2,1526380.5,1526380.5,1521341,1531420,7126.9,PushPop,:BasicsTransformerLM.layers.27.ln2
0.0,3039491,2,1519745.5,1519745.5,1506371,1533120,18914.4,PushPop,:BasicsTransformerLM.layers.35.ln2
0.0,2502404,2,1251202.0,1251202.0,1229248,1273156,31047.6,PushPop,:BasicsTransformerLM.layers.0.attn
0.0,2350838,2,1175419.0,1175419.0,1174139,1176699,1810.2,PushPop,:BasicsTransformerLM.layers.27.attn.k_proj
0.0,2350828,2,1175414.0,1175414.0,1172709,1178119,3825.4,PushPop,:BasicsTransformerLM.layers.33.attn.k_proj
0.0,2349779,2,1174889.5,1174889.5,1174249,1175530,905.8,PushPop,:BasicsTransformerLM.layers.32.attn.k_proj
0.0,2349340,2,1174670.0,1174670.0,1173100,1176240,2220.3,PushPop,:BasicsTransformerLM.layers.30.attn.k_proj
0.0,2347698,2,1173849.0,1173849.0,1173299,1174399,777.8,PushPop,:BasicsTransformerLM.layers.23.attn.k_proj
0.0,2347118,2,1173559.0,1173559.0,1169469,1177649,5784.1,PushPop,:BasicsTransformerLM.layers.25.attn.k_proj
0.0,2346599,2,1173299.5,1173299.5,1169020,1177579,6052.1,PushPop,:BasicsTransformerLM.layers.26.attn.k_proj
0.0,2346009,2,1173004.5,1173004.5,1171409,1174600,2256.4,PushPop,:BasicsTransformerLM.layers.34.attn.k_proj
0.0,2345119,2,1172559.5,1172559.5,1171010,1174109,2191.3,PushPop,:BasicsTransformerLM.layers.29.attn.k_proj
0.0,2342288,2,1171144.0,1171144.0,1168639,1173649,3542.6,PushPop,:BasicsTransformerLM.layers.24.attn.k_proj
0.0,2341938,2,1170969.0,1170969.0,1169679,1172259,1824.3,PushPop,:BasicsTransformerLM.layers.22.attn.k_proj
0.0,2339479,2,1169739.5,1169739.5,1163060,1176419,9446.2,PushPop,:BasicsTransformerLM.layers.28.attn.k_proj
0.0,2337108,2,1168554.0,1168554.0,1166689,1170419,2637.5,PushPop,:BasicsTransformerLM.layers.31.attn.k_proj
0.0,2314199,2,1157099.5,1157099.5,1141740,1172459,21721.6,PushPop,:BasicsTransformerLM.layers.35.attn.k_proj
0.0,1794663,2,897331.5,897331.5,882397,912266,21120.6,PushPop,:BasicsTransformerLM.layers.1
0.0,1760775,2,880387.5,880387.5,867308,893467,18497.2,PushPop,:BasicsTransformerLM.layers.2
0.0,1659576,2,829788.0,829788.0,822788,836788,9899.5,PushPop,:BasicsTransformerLM.layers.3
0.0,1648957,2,824478.5,824478.5,808629,840328,22414.6,PushPop,:BasicsTransformerLM.layers.4
0.0,1636726,2,818363.0,818363.0,810638,826088,10924.8,PushPop,:BasicsTransformerLM.layers.11
0.0,1636368,2,818184.0,818184.0,817489,818879,982.9,PushPop,:BasicsTransformerLM.layers.8
0.0,1636338,2,818169.0,818169.0,812239,824099,8386.3,PushPop,:BasicsTransformerLM.layers.12
0.0,1633848,2,816924.0,816924.0,815189,818659,2453.7,PushPop,:BasicsTransformerLM.layers.6
0.0,1632896,2,816448.0,816448.0,814868,818028,2234.5,PushPop,:BasicsTransformerLM.layers.5
0.0,1629078,2,814539.0,814539.0,802449,826629,17097.8,PushPop,:BasicsTransformerLM.layers.19
0.0,1624498,2,812249.0,812249.0,811139,813359,1569.8,PushPop,:BasicsTransformerLM.layers.10
0.0,1622086,2,811043.0,811043.0,808028,814058,4263.9,PushPop,:BasicsTransformerLM.layers.7
0.0,1621548,2,810774.0,810774.0,805749,815799,7106.4,PushPop,:BasicsTransformerLM.layers.14
0.0,1618977,2,809488.5,809488.5,800459,818518,12769.6,PushPop,:BasicsTransformerLM.layers.9
0.0,1617787,2,808893.5,808893.5,803729,814058,7303.7,PushPop,:BasicsTransformerLM.layers.13
0.0,1616107,2,808053.5,808053.5,806859,809248,1689.3,PushPop,:BasicsTransformerLM.layers.15
0.0,1615008,2,807504.0,807504.0,801999,813009,7785.2,PushPop,:BasicsTransformerLM.layers.20
0.0,1612588,2,806294.0,806294.0,805239,807349,1492.0,PushPop,:BasicsTransformerLM.layers.17
0.0,1612188,2,806094.0,806094.0,799179,813009,9779.3,PushPop,:BasicsTransformerLM.layers.16
0.0,1602868,2,801434.0,801434.0,797240,805628,5931.2,PushPop,:BasicsTransformerLM.layers.18
0.0,1164840,2,582420.0,582420.0,572825,592015,13569.4,PushPop,:BasicsTransformerLM.layers.2.attn
0.0,1162650,2,581325.0,581325.0,567586,595064,19429.9,PushPop,:BasicsTransformerLM.layers.1.attn
0.0,1058542,2,529271.0,529271.0,524706,533836,6455.9,PushPop,:BasicsTransformerLM.layers.3.attn
0.0,1058042,2,529021.0,529021.0,520506,537536,12042.0,PushPop,:BasicsTransformerLM.layers.11.attn
0.0,1054162,2,527081.0,527081.0,519266,534896,11052.1,PushPop,:BasicsTransformerLM.layers.4.attn
0.0,1050643,2,525321.5,525321.5,524526,526117,1125.0,PushPop,:BasicsTransformerLM.layers.12.attn
0.0,1050502,2,525251.0,525251.0,520166,530336,7191.3,PushPop,:BasicsTransformerLM.layers.7.attn
0.0,1049582,2,524791.0,524791.0,524186,525396,855.6,PushPop,:BasicsTransformerLM.layers.5.attn
0.0,1047653,2,523826.5,523826.5,520627,527026,4524.8,PushPop,:BasicsTransformerLM.layers.8.attn
0.0,1045963,2,522981.5,522981.5,514297,531666,12281.7,PushPop,:BasicsTransformerLM.layers.6.attn
0.0,1041332,2,520666.0,520666.0,518216,523116,3464.8,PushPop,:BasicsTransformerLM.layers.13.attn
0.0,1039912,2,519956.0,519956.0,509076,530836,15386.6,PushPop,:BasicsTransformerLM.layers.9.attn
0.0,1039692,2,519846.0,519846.0,515786,523906,5741.7,PushPop,:BasicsTransformerLM.layers.18.attn
0.0,1037513,2,518756.5,518756.5,514777,522736,5627.9,PushPop,:BasicsTransformerLM.layers.16.attn
0.0,1035293,2,517646.5,517646.5,510647,524646,9898.8,PushPop,:BasicsTransformerLM.layers.17.attn
0.0,1034652,2,517326.0,517326.0,511916,522736,7650.9,PushPop,:BasicsTransformerLM.layers.14.attn
0.0,1031182,2,515591.0,515591.0,507016,524166,12126.9,PushPop,:BasicsTransformerLM.layers.19.attn
0.0,1030153,2,515076.5,515076.5,513586,516567,2107.9,PushPop,:BasicsTransformerLM.layers.15.attn
0.0,1028894,2,514447.0,514447.0,514257,514637,268.7,PushPop,:BasicsTransformerLM.layers.10.attn
0.0,1027452,2,513726.0,513726.0,509746,517706,5628.6,PushPop,:BasicsTransformerLM.layers.20.attn
0.0,812819,2,406409.5,406409.5,406109,406710,425.0,PushPop,:BasicsTransformerLM.layers.0.attn.q_proj
0.0,769440,2,384720.0,384720.0,384380,385060,480.8,PushPop,:BasicsTransformerLM.layers.32.attn.v_proj
0.0,769170,2,384585.0,384585.0,384230,384940,502.0,PushPop,:BasicsTransformerLM.layers.26.attn.v_proj
0.0,768640,2,384320.0,384320.0,383000,385640,1866.8,PushPop,:BasicsTransformerLM.layers.22.attn.v_proj
0.0,768339,2,384169.5,384169.5,383670,384669,706.4,PushPop,:BasicsTransformerLM.layers.28.attn.v_proj
0.0,767980,2,383990.0,383990.0,383500,384480,693.0,PushPop,:BasicsTransformerLM.layers.27.attn.v_proj
0.0,767980,2,383990.0,383990.0,383140,384840,1202.1,PushPop,:BasicsTransformerLM.layers.35.attn.v_proj
0.0,767520,2,383760.0,383760.0,383120,384400,905.1,PushPop,:BasicsTransformerLM.layers.29.attn.v_proj
0.0,767010,2,383505.0,383505.0,382620,384390,1251.6,PushPop,:BasicsTransformerLM.layers.30.attn.v_proj
0.0,766750,2,383375.0,383375.0,381660,385090,2425.4,PushPop,:BasicsTransformerLM.layers.33.attn.v_proj
0.0,766550,2,383275.0,383275.0,381560,384990,2425.4,PushPop,:BasicsTransformerLM.layers.25.attn.v_proj
0.0,766220,2,383110.0,383110.0,382740,383480,523.3,PushPop,:BasicsTransformerLM.layers.23.attn.v_proj
0.0,764390,2,382195.0,382195.0,380910,383480,1817.3,PushPop,:BasicsTransformerLM.layers.24.attn.v_proj
0.0,764360,2,382180.0,382180.0,381980,382380,282.8,PushPop,:BasicsTransformerLM.layers.31.attn.v_proj
0.0,762350,2,381175.0,381175.0,380820,381530,502.0,PushPop,:BasicsTransformerLM.layers.34.attn.v_proj
0.0,346031,2,173015.5,173015.5,172605,173426,580.5,PushPop,:BasicsTransformerLM.layers.0.ffn
0.0,297622,2,148811.0,148811.0,147136,150486,2368.8,PushPop,:BasicsTransformerLM.layers.1.ffn
0.0,291713,2,145856.5,145856.5,142806,148907,4314.1,PushPop,:BasicsTransformerLM.layers.34.ffn
0.0,291242,2,145621.0,145621.0,137876,153366,10953.1,PushPop,:BasicsTransformerLM.layers.31.ffn
0.0,288732,2,144366.0,144366.0,133886,154846,14821.0,PushPop,:BasicsTransformerLM.layers.3.ffn
0.0,288683,2,144341.5,144341.5,143696,144987,912.9,PushPop,:BasicsTransformerLM.layers.28.ffn
0.0,286272,2,143136.0,143136.0,142726,143546,579.8,PushPop,:BasicsTransformerLM.layers.25.ffn
0.0,285612,2,142806.0,142806.0,141166,144446,2319.3,PushPop,:BasicsTransformerLM.layers.23.ffn
0.0,284803,2,142401.5,142401.5,139297,145506,4390.4,PushPop,:BasicsTransformerLM.layers.29.ffn
0.0,283963,2,141981.5,141981.5,141896,142067,120.9,PushPop,:BasicsTransformerLM.layers.27.ffn
0.0,283313,2,141656.5,141656.5,137577,145736,5769.3,PushPop,:BasicsTransformerLM.layers.21.ffn
0.0,283242,2,141621.0,141621.0,140796,142446,1166.7,PushPop,:BasicsTransformerLM.layers.22.ffn
0.0,282972,2,141486.0,141486.0,140636,142336,1202.1,PushPop,:BasicsTransformerLM.layers.24.ffn
0.0,282872,2,141436.0,141436.0,134866,148006,9291.4,PushPop,:BasicsTransformerLM.layers.12.ffn
0.0,281523,2,140761.5,140761.5,140657,140866,147.8,PushPop,:BasicsTransformerLM.layers.32.ffn
0.0,281143,2,140571.5,140571.5,140467,140676,147.8,PushPop,:BasicsTransformerLM.layers.35.ffn
0.0,281023,2,140511.5,140511.5,137807,143216,3824.7,PushPop,:BasicsTransformerLM.layers.30.ffn
0.0,280752,2,140376.0,140376.0,134656,146096,8089.3,PushPop,:BasicsTransformerLM.layers.10.ffn
0.0,280353,2,140176.5,140176.5,135257,145096,6957.2,PushPop,:BasicsTransformerLM.layers.19.ffn
0.0,278753,2,139376.5,139376.5,137776,140977,2263.4,PushPop,:BasicsTransformerLM.layers.20.ffn
0.0,277893,2,138946.5,138946.5,138086,139807,1216.9,PushPop,:BasicsTransformerLM.layers.33.ffn
0.0,277152,2,138576.0,138576.0,133216,143936,7580.2,PushPop,:BasicsTransformerLM.layers.14.ffn
0.0,276292,2,138146.0,138146.0,137816,138476,466.7,PushPop,:BasicsTransformerLM.layers.26.ffn
0.0,275992,2,137996.0,137996.0,134416,141576,5062.9,PushPop,:BasicsTransformerLM.layers.4.ffn
0.0,274992,2,137496.0,137496.0,137226,137766,381.8,PushPop,:BasicsTransformerLM.layers.8.ffn
0.0,274984,2,137492.0,137492.0,136197,138787,1831.4,PushPop,:BasicsTransformerLM.layers.9.ffn
0.0,274783,2,137391.5,137391.5,135546,139237,2609.9,PushPop,:BasicsTransformerLM.layers.2.ffn
0.0,272634,2,136317.0,136317.0,133557,139077,3903.2,PushPop,:BasicsTransformerLM.layers.7.ffn
0.0,272462,2,136231.0,136231.0,136116,136346,162.6,PushPop,:BasicsTransformerLM.layers.6.ffn
0.0,271063,2,135531.5,135531.5,135437,135626,133.6,PushPop,:BasicsTransformerLM.layers.11.ffn
0.0,270344,2,135172.0,135172.0,134697,135647,671.8,PushPop,:BasicsTransformerLM.layers.5.ffn
0.0,270332,2,135166.0,135166.0,134266,136066,1272.8,PushPop,:BasicsTransformerLM.layers.16.ffn
0.0,267694,2,133847.0,133847.0,132067,135627,2517.3,PushPop,:BasicsTransformerLM.layers.17.ffn
0.0,267234,2,133617.0,133617.0,132107,135127,2135.5,PushPop,:BasicsTransformerLM.layers.13.ffn
0.0,266753,2,133376.5,133376.5,131427,135326,2757.0,PushPop,:BasicsTransformerLM.layers.15.ffn
0.0,265144,2,132572.0,132572.0,132547,132597,35.4,PushPop,:BasicsTransformerLM.layers.18.ffn
0.0,248034,2,124017.0,124017.0,123727,124307,410.1,PushPop,:BasicsTransformerLM.layers.0.ln1
0.0,215024,2,107512.0,107512.0,104947,110077,3627.5,PushPop,:BasicsTransformerLM.token_embeddings
0.0,187095,2,93547.5,93547.5,93388,93707,225.6,PushPop,:BasicsTransformerLM.layers.34.ln1
0.0,185595,2,92797.5,92797.5,92287,93308,722.0,PushPop,:BasicsTransformerLM.ln_final
0.0,185574,2,92787.0,92787.0,92287,93287,707.1,PushPop,:BasicsTransformerLM.layers.27.ln1
0.0,180606,2,90303.0,90303.0,90008,90598,417.2,PushPop,:BasicsTransformerLM.layers.25.ln1
0.0,178366,2,89183.0,89183.0,86928,91438,3189.1,PushPop,:BasicsTransformerLM.layers.23.ln1
0.0,177906,2,88953.0,88953.0,88508,89398,629.3,PushPop,:cub::DeviceRadixSort
0.0,177325,2,88662.5,88662.5,86437,90888,3147.3,PushPop,:BasicsTransformerLM.layers.31.ln1
0.0,176916,2,88458.0,88458.0,84918,91998,5006.3,PushPop,:BasicsTransformerLM.layers.30.ln1
0.0,176266,2,88133.0,88133.0,86878,89388,1774.8,PushPop,:BasicsTransformerLM.layers.33.ln1
0.0,174976,2,87488.0,87488.0,86678,88298,1145.5,PushPop,:BasicsTransformerLM.layers.28.ln1
0.0,172976,2,86488.0,86488.0,85888,87088,848.5,PushPop,:BasicsTransformerLM.layers.24.ln1
0.0,172835,2,86417.5,86417.5,83128,89707,4652.1,PushPop,:BasicsTransformerLM.layers.26.ln1
0.0,170165,2,85082.5,85082.5,77508,92657,10712.0,PushPop,:BasicsTransformerLM.layers.32.ln1
0.0,168806,2,84403.0,84403.0,78928,89878,7742.8,PushPop,:BasicsTransformerLM.layers.22.ln1
0.0,168636,2,84318.0,84318.0,83438,85198,1244.5,PushPop,:BasicsTransformerLM.layers.29.ln1
0.0,164155,2,82077.5,82077.5,79958,84197,2997.4,PushPop,:BasicsTransformerLM.layers.35.ln1
0.0,135606,2,67803.0,67803.0,64508,71098,4659.8,PushPop,:BasicsTransformerLM.layers.0.ln2
0.0,122816,2,61408.0,61408.0,60988,61828,594.0,PushPop,:BasicsTransformerLM.layers.1.ln2
0.0,122248,2,61124.0,61124.0,59609,62639,2142.5,PushPop,:BasicsTransformerLM.layers.2.ln2
0.0,122186,2,61093.0,61093.0,56288,65898,6795.3,PushPop,:BasicsTransformerLM.layers.14.ln2
0.0,120767,2,60383.5,60383.5,58188,62579,3104.9,PushPop,:BasicsTransformerLM.layers.15.ln2
0.0,120388,2,60194.0,60194.0,56599,63789,5084.1,PushPop,:BasicsTransformerLM.layers.8.ln2
0.0,119498,2,59749.0,59749.0,56999,62499,3889.1,PushPop,:BasicsTransformerLM.layers.6.ln2
0.0,118108,2,59054.0,59054.0,56229,61879,3995.2,PushPop,:BasicsTransformerLM.layers.17.ln2
0.0,117927,2,58963.5,58963.5,55759,62168,4531.8,PushPop,:BasicsTransformerLM.layers.20.ln2
0.0,117807,2,58903.5,58903.5,57428,60379,2086.7,PushPop,:BasicsTransformerLM.layers.19.ln2
0.0,116636,2,58318.0,58318.0,58128,58508,268.7,PushPop,:BasicsTransformerLM.layers.4.ln2
0.0,116336,2,58168.0,58168.0,57788,58548,537.4,PushPop,:BasicsTransformerLM.layers.5.ln2
0.0,116208,2,58104.0,58104.0,57789,58419,445.5,PushPop,:BasicsTransformerLM.layers.3.ln2
0.0,115336,2,57668.0,57668.0,57058,58278,862.7,PushPop,:BasicsTransformerLM.layers.11.ln2
0.0,114866,2,57433.0,57433.0,57138,57728,417.2,PushPop,:BasicsTransformerLM.layers.10.ln2
0.0,114338,2,57169.0,57169.0,56669,57669,707.1,PushPop,:BasicsTransformerLM.layers.12.ln2
0.0,113686,2,56843.0,56843.0,56618,57068,318.2,PushPop,:BasicsTransformerLM.layers.13.ln2
0.0,113127,2,56563.5,56563.5,55769,57358,1123.6,PushPop,:BasicsTransformerLM.layers.9.ln2
0.0,113038,2,56519.0,56519.0,56029,57009,693.0,PushPop,:BasicsTransformerLM.layers.16.ln2
0.0,112546,2,56273.0,56273.0,56148,56398,176.8,PushPop,:BasicsTransformerLM.layers.18.ln2
0.0,112507,2,56253.5,56253.5,55699,56808,784.2,PushPop,:BasicsTransformerLM.layers.7.ln2
0.0,108328,2,54164.0,54164.0,50849,57479,4688.1,PushPop,:BasicsTransformerLM.layers.19.ln1
0.0,108168,2,54084.0,54084.0,52889,55279,1690.0,PushPop,:BasicsTransformerLM.layers.1.ln1
0.0,105847,2,52923.5,52923.5,48989,56858,5564.2,PushPop,:BasicsTransformerLM.layers.6.ln1
0.0,105557,2,52778.5,52778.5,49989,55568,3944.9,PushPop,:BasicsTransformerLM.layers.5.ln1
0.0,104347,2,52173.5,52173.5,51508,52839,941.2,PushPop,:BasicsTransformerLM.layers.2.ln1
0.0,104287,2,52143.5,52143.5,48878,55409,4618.1,PushPop,:BasicsTransformerLM.layers.21.ln1
0.0,103937,2,51968.5,51968.5,36079,67858,22471.1,PushPop,:BasicsTransformerLM.layers.0.attn.k_proj
0.0,102808,2,51404.0,51404.0,48889,53919,3556.7,PushPop,:BasicsTransformerLM.layers.15.ln1
0.0,102748,2,51374.0,51374.0,51299,51449,106.1,PushPop,:BasicsTransformerLM.layers.13.ln1
0.0,102527,2,51263.5,51263.5,49718,52809,2185.7,PushPop,:BasicsTransformerLM.layers.17.ln1
0.0,102147,2,51073.5,51073.5,49798,52349,1803.8,PushPop,:BasicsTransformerLM.layers.16.ln1
0.0,101988,2,50994.0,50994.0,49879,52109,1576.8,PushPop,:BasicsTransformerLM.layers.10.ln1
0.0,101647,2,50823.5,50823.5,50688,50959,191.6,PushPop,:BasicsTransformerLM.layers.4.ln1
0.0,101548,2,50774.0,50774.0,50719,50829,77.8,PushPop,:BasicsTransformerLM.layers.8.ln1
0.0,101037,2,50518.5,50518.5,49638,51399,1245.2,PushPop,:BasicsTransformerLM.layers.11.ln1
0.0,100808,2,50404.0,50404.0,50369,50439,49.5,PushPop,:BasicsTransformerLM.layers.20.ln1
0.0,100348,2,50174.0,50174.0,49809,50539,516.2,PushPop,:BasicsTransformerLM.layers.3.ln1
0.0,99637,2,49818.5,49818.5,49128,50509,976.5,PushPop,:BasicsTransformerLM.layers.9.ln1
0.0,99168,2,49584.0,49584.0,49319,49849,374.8,PushPop,:BasicsTransformerLM.layers.14.ln1
0.0,97808,2,48904.0,48904.0,48719,49089,261.6,PushPop,:BasicsTransformerLM.layers.12.ln1
0.0,97688,2,48844.0,48844.0,48269,49419,813.2,PushPop,:BasicsTransformerLM.layers.7.ln1
0.0,96198,2,48099.0,48099.0,47799,48399,424.3,PushPop,:BasicsTransformerLM.layers.18.ln1
0.0,94517,2,47258.5,47258.5,32969,61548,20208.4,PushPop,:BasicsTransformerLM.layers.35.attn.q_proj
0.0,91738,2,45869.0,45869.0,32699,59039,18625.2,PushPop,:BasicsTransformerLM.lm_head
0.0,91118,2,45559.0,45559.0,33849,57269,16560.4,PushPop,:BasicsTransformerLM.layers.35.attn.output_proj
0.0,79648,2,39824.0,39824.0,39299,40349,742.5,PushPop,:BasicsTransformerLM.layers.28.ffn.w1
0.0,77448,2,38724.0,38724.0,36429,41019,3245.6,PushPop,:BasicsTransformerLM.layers.29.ffn.w1
0.0,76098,2,38049.0,38049.0,37959,38139,127.3,PushPop,:BasicsTransformerLM.layers.35.ffn.w1
0.0,74868,2,37434.0,37434.0,35389,39479,2892.1,PushPop,:BasicsTransformerLM.layers.25.ffn.w1
0.0,74768,2,37384.0,37384.0,36219,38549,1647.6,PushPop,:BasicsTransformerLM.layers.31.attn.q_proj
0.0,74598,2,37299.0,37299.0,36669,37929,891.0,PushPop,:BasicsTransformerLM.layers.30.attn.output_proj
0.0,74339,2,37169.5,37169.5,33380,40959,5359.2,PushPop,:BasicsTransformerLM.layers.27.attn.output_proj
0.0,73798,2,36899.0,36899.0,36899,36899,0.0,PushPop,:BasicsTransformerLM.layers.21.attn.output_proj
0.0,73738,2,36869.0,36869.0,36349,37389,735.4,PushPop,:BasicsTransformerLM.layers.0.attn.output_proj
0.0,73718,2,36859.0,36859.0,36039,37679,1159.7,PushPop,:BasicsTransformerLM.layers.24.ffn.w1
0.0,73668,2,36834.0,36834.0,35489,38179,1902.1,PushPop,:BasicsTransformerLM.layers.30.ffn.w1
0.0,73449,2,36724.5,36724.5,32210,41239,6384.5,PushPop,:BasicsTransformerLM.layers.12.ffn.w1
0.0,72778,2,36389.0,36389.0,35699,37079,975.8,PushPop,:BasicsTransformerLM.layers.26.ffn.w1
0.0,72688,2,36344.0,36344.0,35759,36929,827.3,PushPop,:BasicsTransformerLM.layers.21.ffn.w1
0.0,72498,2,36249.0,36249.0,36249,36249,0.0,PushPop,:BasicsTransformerLM.layers.22.ffn.w1
0.0,72359,2,36179.5,36179.5,34660,37699,2148.9,PushPop,:BasicsTransformerLM.layers.23.ffn.w1
0.0,72268,2,36134.0,36134.0,36039,36229,134.4,PushPop,:BasicsTransformerLM.layers.0.ffn.w1
0.0,72218,2,36109.0,36109.0,31079,41139,7113.5,PushPop,:BasicsTransformerLM.layers.19.ffn.w1
0.0,71938,2,35969.0,35969.0,35029,36909,1329.4,PushPop,:BasicsTransformerLM.layers.0.ffn.w2
0.0,71589,2,35794.5,35794.5,31870,39719,5550.1,PushPop,:BasicsTransformerLM.layers.9.attn.output_proj
0.0,71288,2,35644.0,35644.0,32489,38799,4461.8,PushPop,:BasicsTransformerLM.layers.8.attn.output_proj
0.0,71278,2,35639.0,35639.0,35099,36179,763.7,PushPop,:BasicsTransformerLM.layers.31.ffn.w1
0.0,71188,2,35594.0,35594.0,32179,39009,4829.5,PushPop,:BasicsTransformerLM.layers.2.attn.output_proj
0.0,70668,2,35334.0,35334.0,33799,36869,2170.8,PushPop,:BasicsTransformerLM.layers.27.ffn.w1
0.0,70558,2,35279.0,35279.0,35109,35449,240.4,PushPop,:BasicsTransformerLM.layers.1.ffn.w1
0.0,70089,2,35044.5,35044.5,32340,37749,3824.7,PushPop,:BasicsTransformerLM.layers.3.attn.q_proj
0.0,69749,2,34874.5,34874.5,34139,35610,1040.2,PushPop,:BasicsTransformerLM.layers.32.ffn.w1
0.0,69388,2,34694.0,34694.0,31199,38189,4942.7,PushPop,:BasicsTransformerLM.layers.5.attn.q_proj
0.0,69008,2,34504.0,34504.0,32039,36969,3486.0,PushPop,:BasicsTransformerLM.layers.25.attn.output_proj
0.0,68978,2,34489.0,34489.0,33939,35039,777.8,PushPop,:BasicsTransformerLM.layers.33.ffn.w1
0.0,68878,2,34439.0,34439.0,30909,37969,4992.2,PushPop,:BasicsTransformerLM.layers.13.attn.output_proj
0.0,68768,2,34384.0,34384.0,34269,34499,162.6,PushPop,:BasicsTransformerLM.layers.24.attn.output_proj
0.0,68638,2,34319.0,34319.0,32459,36179,2630.4,PushPop,:BasicsTransformerLM.layers.19.attn.q_proj
0.0,68438,2,34219.0,34219.0,31069,37369,4454.8,PushPop,:BasicsTransformerLM.layers.11.attn.q_proj
0.0,68368,2,34184.0,34184.0,32659,35709,2156.7,PushPop,:BasicsTransformerLM.layers.4.ffn.w1
0.0,67538,2,33769.0,33769.0,33589,33949,254.6,PushPop,:BasicsTransformerLM.layers.8.ffn.w1
0.0,67468,2,33734.0,33734.0,33489,33979,346.5,PushPop,:BasicsTransformerLM.layers.22.attn.output_proj
0.0,67428,2,33714.0,33714.0,33559,33869,219.2,PushPop,:BasicsTransformerLM.layers.34.ffn.w1
0.0,67358,2,33679.0,33679.0,30639,36719,4299.2,PushPop,:BasicsTransformerLM.layers.12.attn.q_proj
0.0,67338,2,33669.0,33669.0,33159,34179,721.2,PushPop,:BasicsTransformerLM.layers.1.attn.output_proj
0.0,67308,2,33654.0,33654.0,31419,35889,3160.8,PushPop,:BasicsTransformerLM.layers.34.ffn.w2
0.0,67178,2,33589.0,33589.0,32859,34319,1032.4,PushPop,:BasicsTransformerLM.layers.29.attn.output_proj
0.0,66768,2,33384.0,33384.0,33179,33589,289.9,PushPop,:BasicsTransformerLM.layers.28.attn.output_proj
0.0,66678,2,33339.0,33339.0,32589,34089,1060.7,PushPop,:BasicsTransformerLM.layers.26.attn.output_proj
0.0,66639,2,33319.5,33319.5,32970,33669,494.3,PushPop,:BasicsTransformerLM.layers.23.attn.output_proj
0.0,66589,2,33294.5,33294.5,33160,33429,190.2,PushPop,:BasicsTransformerLM.layers.2.attn.q_proj
0.0,66379,2,33189.5,33189.5,32559,33820,891.7,PushPop,:BasicsTransformerLM.layers.32.attn.output_proj
0.0,66358,2,33179.0,33179.0,29899,36459,4638.6,PushPop,:BasicsTransformerLM.layers.1.ffn.w2
0.0,66229,2,33114.5,33114.5,32659,33570,644.2,PushPop,:BasicsTransformerLM.layers.1.attn.q_proj
0.0,66098,2,33049.0,33049.0,31909,34189,1612.2,PushPop,:BasicsTransformerLM.layers.2.ffn.w1
0.0,66059,2,33029.5,33029.5,32610,33449,593.3,PushPop,:BasicsTransformerLM.layers.16.ffn.w1
0.0,65908,2,32954.0,32954.0,32239,33669,1011.2,PushPop,:BasicsTransformerLM.layers.10.ffn.w1
0.0,65878,2,32939.0,32939.0,32659,33219,396.0,PushPop,:BasicsTransformerLM.layers.14.ffn.w1
0.0,65838,2,32919.0,32919.0,31989,33849,1315.2,PushPop,:BasicsTransformerLM.layers.20.ffn.w1
0.0,65598,2,32799.0,32799.0,32749,32849,70.7,PushPop,:BasicsTransformerLM.layers.22.attn.q_proj
0.0,65320,2,32660.0,32660.0,32080,33240,820.2,PushPop,:BasicsTransformerLM.layers.6.ffn.w1
0.0,65248,2,32624.0,32624.0,32089,33159,756.6,PushPop,:BasicsTransformerLM.layers.27.attn.q_proj
0.0,65219,2,32609.5,32609.5,31469,33750,1612.9,PushPop,:BasicsTransformerLM.layers.3.ffn.w1
0.0,65019,2,32509.5,32509.5,31529,33490,1386.6,PushPop,:BasicsTransformerLM.layers.15.ffn.w1
0.0,64958,2,32479.0,32479.0,31879,33079,848.5,PushPop,:BasicsTransformerLM.layers.31.attn.output_proj
0.0,64878,2,32439.0,32439.0,32419,32459,28.3,PushPop,:BasicsTransformerLM.layers.4.attn.output_proj
0.0,64868,2,32434.0,32434.0,31539,33329,1265.7,PushPop,:BasicsTransformerLM.layers.17.ffn.w1
0.0,64698,2,32349.0,32349.0,31359,33339,1400.1,PushPop,:BasicsTransformerLM.layers.24.attn.q_proj
0.0,64688,2,32344.0,32344.0,31969,32719,530.3,PushPop,:BasicsTransformerLM.layers.3.attn.output_proj
0.0,64678,2,32339.0,32339.0,31939,32739,565.7,PushPop,:BasicsTransformerLM.layers.13.ffn.w1
0.0,64529,2,32264.5,32264.5,31519,33010,1054.3,PushPop,:BasicsTransformerLM.layers.28.attn.q_proj
0.0,64408,2,32204.0,32204.0,32129,32279,106.1,PushPop,:BasicsTransformerLM.layers.10.attn.output_proj
0.0,64368,2,32184.0,32184.0,31789,32579,558.6,PushPop,:BasicsTransformerLM.layers.7.attn.output_proj
0.0,64348,2,32174.0,32174.0,31729,32619,629.3,PushPop,:BasicsTransformerLM.layers.11.ffn.w1
0.0,64228,2,32114.0,32114.0,31919,32309,275.8,PushPop,:BasicsTransformerLM.layers.5.ffn.w1
0.0,64218,2,32109.0,32109.0,31439,32779,947.5,PushPop,:BasicsTransformerLM.layers.26.attn.q_proj
0.0,64208,2,32104.0,32104.0,29089,35119,4263.9,PushPop,:BasicsTransformerLM.layers.10.ffn.w3
0.0,64138,2,32069.0,32069.0,31359,32779,1004.1,PushPop,:BasicsTransformerLM.layers.12.attn.output_proj
0.0,64138,2,32069.0,32069.0,31899,32239,240.4,PushPop,:BasicsTransformerLM.layers.5.attn.output_proj
0.0,64098,2,32049.0,32049.0,31079,33019,1371.8,PushPop,:BasicsTransformerLM.layers.33.attn.output_proj
0.0,63999,2,31999.5,31999.5,31059,32940,1330.1,PushPop,:BasicsTransformerLM.layers.8.attn.q_proj
0.0,63818,2,31909.0,31909.0,31869,31949,56.6,PushPop,:BasicsTransformerLM.layers.18.ffn.w1
0.0,63798,2,31899.0,31899.0,31889,31909,14.1,PushPop,:BasicsTransformerLM.layers.15.attn.q_proj
0.0,63738,2,31869.0,31869.0,30849,32889,1442.5,PushPop,:BasicsTransformerLM.layers.19.attn.output_proj
0.0,63618,2,31809.0,31809.0,31399,32219,579.8,PushPop,:BasicsTransformerLM.layers.11.attn.output_proj
0.0,63458,2,31729.0,31729.0,31669,31789,84.9,PushPop,:BasicsTransformerLM.layers.18.attn.output_proj
0.0,63429,2,31714.5,31714.5,31009,32420,997.7,PushPop,:BasicsTransformerLM.layers.16.attn.q_proj
0.0,63378,2,31689.0,31689.0,31279,32099,579.8,PushPop,:BasicsTransformerLM.layers.23.attn.q_proj
0.0,63369,2,31684.5,31684.5,28580,34789,4390.4,PushPop,:BasicsTransformerLM.layers.14.ffn.w3
0.0,63328,2,31664.0,31664.0,31509,31819,219.2,PushPop,:BasicsTransformerLM.layers.16.attn.output_proj
0.0,63228,2,31614.0,31614.0,31049,32179,799.0,PushPop,:BasicsTransformerLM.layers.0.ffn.w3
0.0,63228,2,31614.0,31614.0,28259,34969,4744.7,PushPop,:BasicsTransformerLM.layers.33.attn.q_proj
0.0,63218,2,31609.0,31609.0,31589,31629,28.3,PushPop,:BasicsTransformerLM.layers.7.ffn.w1
0.0,63128,2,31564.0,31564.0,30969,32159,841.5,PushPop,:BasicsTransformerLM.layers.30.attn.q_proj
0.0,63088,2,31544.0,31544.0,31419,31669,176.8,PushPop,:BasicsTransformerLM.layers.25.attn.q_proj
0.0,62988,2,31494.0,31494.0,31079,31909,586.9,PushPop,:BasicsTransformerLM.layers.21.attn.q_proj
0.0,62958,2,31479.0,31479.0,30719,32239,1074.8,PushPop,:BasicsTransformerLM.layers.9.ffn.w1
0.0,62769,2,31384.5,31384.5,30910,31859,671.0,PushPop,:BasicsTransformerLM.layers.6.attn.q_proj
0.0,62619,2,31309.5,31309.5,30880,31739,607.4,PushPop,:BasicsTransformerLM.layers.34.attn.output_proj
0.0,62479,2,31239.5,31239.5,30679,31800,792.7,PushPop,:BasicsTransformerLM.layers.4.attn.q_proj
0.0,62478,2,31239.0,31239.0,28909,33569,3295.1,PushPop,:BasicsTransformerLM.layers.27.ffn.w3
0.0,62458,2,31229.0,31229.0,30449,32009,1103.1,PushPop,:BasicsTransformerLM.layers.17.attn.q_proj
0.0,62458,2,31229.0,31229.0,31069,31389,226.3,PushPop,:BasicsTransformerLM.layers.18.attn.q_proj
0.0,62418,2,31209.0,31209.0,30659,31759,777.8,PushPop,:BasicsTransformerLM.layers.10.attn.q_proj
0.0,62319,2,31159.5,31159.5,30930,31389,324.6,PushPop,:BasicsTransformerLM.layers.29.attn.q_proj
0.0,62259,2,31129.5,31129.5,29490,32769,2318.6,PushPop,:BasicsTransformerLM.layers.34.attn.q_proj
0.0,62248,2,31124.0,31124.0,30399,31849,1025.3,PushPop,:BasicsTransformerLM.layers.6.attn.output_proj
0.0,62209,2,31104.5,31104.5,30979,31230,177.5,PushPop,:BasicsTransformerLM.layers.20.attn.output_proj
0.0,62169,2,31084.5,31084.5,30050,32119,1463.0,PushPop,:BasicsTransformerLM.layers.14.attn.q_proj
0.0,62168,2,31084.0,31084.0,30939,31229,205.1,PushPop,:BasicsTransformerLM.layers.13.attn.q_proj
0.0,62049,2,31024.5,31024.5,31009,31040,21.9,PushPop,:BasicsTransformerLM.layers.20.attn.q_proj
0.0,62009,2,31004.5,31004.5,28170,33839,4008.6,PushPop,:BasicsTransformerLM.layers.9.ffn.w3
0.0,61828,2,30914.0,30914.0,30469,31359,629.3,PushPop,:BasicsTransformerLM.layers.15.attn.output_proj
0.0,61818,2,30909.0,30909.0,30789,31029,169.7,PushPop,:BasicsTransformerLM.layers.14.attn.output_proj
0.0,61638,2,30819.0,30819.0,27759,33879,4327.5,PushPop,:BasicsTransformerLM.layers.31.ffn.w3
0.0,61620,2,30810.0,30810.0,30730,30890,113.1,PushPop,:BasicsTransformerLM.layers.17.attn.output_proj
0.0,61588,2,30794.0,30794.0,30069,31519,1025.3,PushPop,:BasicsTransformerLM.layers.9.attn.q_proj
0.0,61349,2,30674.5,30674.5,30579,30770,135.1,PushPop,:BasicsTransformerLM.layers.32.attn.q_proj
0.0,60899,2,30449.5,30449.5,29759,31140,976.5,PushPop,:BasicsTransformerLM.layers.1.ffn.w3
0.0,60549,2,30274.5,30274.5,27720,32829,3612.6,PushPop,:BasicsTransformerLM.layers.7.ffn.w2
0.0,60408,2,30204.0,30204.0,29189,31219,1435.4,PushPop,:BasicsTransformerLM.layers.8.ffn.w3
0.0,60078,2,30039.0,30039.0,29349,30729,975.8,PushPop,:BasicsTransformerLM.layers.7.attn.q_proj
0.0,59458,2,29729.0,29729.0,28329,31129,1979.9,PushPop,:BasicsTransformerLM.layers.3.ffn.w3
0.0,59258,2,29629.0,29629.0,27869,31389,2489.0,PushPop,:BasicsTransformerLM.layers.23.ffn.w3
0.0,59099,2,29549.5,29549.5,26950,32149,3676.2,PushPop,:BasicsTransformerLM.layers.21.ffn.w2
0.0,58798,2,29399.0,29399.0,25309,33489,5784.1,PushPop,:BasicsTransformerLM.layers.9.attn.v_proj
0.0,58789,2,29394.5,29394.5,28140,30649,1774.1,PushPop,:BasicsTransformerLM.layers.32.ffn.w3
0.0,58578,2,29289.0,29289.0,29239,29339,70.7,PushPop,:BasicsTransformerLM.layers.6.ffn.w3
0.0,58549,2,29274.5,29274.5,29049,29500,318.9,PushPop,:BasicsTransformerLM.layers.5.ffn.w3
0.0,58058,2,29029.0,29029.0,28369,29689,933.4,PushPop,:BasicsTransformerLM.layers.12.ffn.w3
0.0,58058,2,29029.0,29029.0,28389,29669,905.1,PushPop,:BasicsTransformerLM.layers.4.ffn.w3
0.0,58038,2,29019.0,29019.0,28679,29359,480.8,PushPop,:BasicsTransformerLM.layers.20.ffn.w3
0.0,57959,2,28979.5,28979.5,28209,29750,1089.7,PushPop,:BasicsTransformerLM.layers.29.ffn.w3
0.0,57828,2,28914.0,28914.0,28669,29159,346.5,PushPop,:BasicsTransformerLM.layers.2.ffn.w3
0.0,57739,2,28869.5,28869.5,28499,29240,524.0,PushPop,:BasicsTransformerLM.layers.28.ffn.w3
0.0,57638,2,28819.0,28819.0,28529,29109,410.1,PushPop,:BasicsTransformerLM.layers.22.ffn.w3
0.0,57549,2,28774.5,28774.5,28059,29490,1011.9,PushPop,:BasicsTransformerLM.layers.2.attn.k_proj
0.0,57548,2,28774.0,28774.0,28709,28839,91.9,PushPop,:BasicsTransformerLM.layers.16.ffn.w3
0.0,57408,2,28704.0,28704.0,28299,29109,572.8,PushPop,:BasicsTransformerLM.layers.19.ffn.w3
0.0,57259,2,28629.5,28629.5,28350,28909,395.3,PushPop,:BasicsTransformerLM.layers.0.attn.v_proj
0.0,57099,2,28549.5,28549.5,28200,28899,494.3,PushPop,:BasicsTransformerLM.layers.7.ffn.w3
0.0,57078,2,28539.0,28539.0,28439,28639,141.4,PushPop,:BasicsTransformerLM.layers.24.ffn.w2
0.0,57068,2,28534.0,28534.0,28279,28789,360.6,PushPop,:BasicsTransformerLM.layers.27.ffn.w2
0.0,56779,2,28389.5,28389.5,27210,29569,1668.1,PushPop,:BasicsTransformerLM.layers.30.ffn.w3
0.0,56668,2,28334.0,28334.0,28179,28489,219.2,PushPop,:BasicsTransformerLM.layers.24.ffn.w3
0.0,56569,2,28284.5,28284.5,28280,28289,6.4,PushPop,:BasicsTransformerLM.layers.11.ffn.w3
0.0,56468,2,28234.0,28234.0,27809,28659,601.0,PushPop,:BasicsTransformerLM.layers.17.ffn.w3
0.0,56249,2,28124.5,28124.5,27670,28579,642.8,PushPop,:BasicsTransformerLM.layers.18.ffn.w3
0.0,56108,2,28054.0,28054.0,26179,29929,2651.7,PushPop,:BasicsTransformerLM.layers.33.ffn.w3
0.0,56089,2,28044.5,28044.5,27439,28650,856.3,PushPop,:BasicsTransformerLM.layers.26.ffn.w3
0.0,56048,2,28024.0,28024.0,26399,29649,2298.1,PushPop,:BasicsTransformerLM.layers.10.ffn.w2
0.0,55998,2,27999.0,27999.0,27539,28459,650.5,PushPop,:BasicsTransformerLM.layers.25.ffn.w2
0.0,55968,2,27984.0,27984.0,27799,28169,261.6,PushPop,:BasicsTransformerLM.layers.23.ffn.w2
0.0,55929,2,27964.5,27964.5,27730,28199,331.6,PushPop,:BasicsTransformerLM.layers.21.ffn.w3
0.0,55888,2,27944.0,27944.0,27599,28289,487.9,PushPop,:BasicsTransformerLM.layers.15.ffn.w3
0.0,55888,2,27944.0,27944.0,27239,28649,997.0,PushPop,:BasicsTransformerLM.layers.5.attn.k_proj
0.0,55759,2,27879.5,27879.5,27629,28130,354.3,PushPop,:BasicsTransformerLM.layers.20.ffn.w2
0.0,55689,2,27844.5,27844.5,27639,28050,290.6,PushPop,:BasicsTransformerLM.layers.9.ffn.w2
0.0,55680,2,27840.0,27840.0,27380,28300,650.5,PushPop,:BasicsTransformerLM.layers.25.ffn.w3
0.0,55649,2,27824.5,27824.5,27710,27939,161.9,PushPop,:BasicsTransformerLM.layers.13.ffn.w3
0.0,55428,2,27714.0,27714.0,27399,28029,445.5,PushPop,:BasicsTransformerLM.layers.35.ffn.w3
0.0,55379,2,27689.5,27689.5,26669,28710,1443.2,PushPop,:BasicsTransformerLM.layers.3.ffn.w2
0.0,55338,2,27669.0,27669.0,27139,28199,749.5,PushPop,:BasicsTransformerLM.layers.22.ffn.w2
0.0,55229,2,27614.5,27614.5,27519,27710,135.1,PushPop,:BasicsTransformerLM.layers.28.ffn.w2
0.0,54849,2,27424.5,27424.5,27329,27520,135.1,PushPop,:BasicsTransformerLM.layers.26.ffn.w2
0.0,54828,2,27414.0,27414.0,27179,27649,332.3,PushPop,:BasicsTransformerLM.layers.6.ffn.w2
0.0,54759,2,27379.5,27379.5,26779,27980,849.2,PushPop,:BasicsTransformerLM.layers.19.ffn.w2
0.0,54728,2,27364.0,27364.0,27069,27659,417.2,PushPop,:BasicsTransformerLM.layers.2.attn.v_proj
0.0,54669,2,27334.5,27334.5,26920,27749,586.2,PushPop,:BasicsTransformerLM.layers.1.attn.k_proj
0.0,54660,2,27330.0,27330.0,26930,27730,565.7,PushPop,:BasicsTransformerLM.layers.13.ffn.w2
0.0,54659,2,27329.5,27329.5,27130,27529,282.1,PushPop,:BasicsTransformerLM.layers.35.ffn.w2
0.0,54560,2,27280.0,27280.0,27060,27500,311.1,PushPop,:BasicsTransformerLM.layers.11.ffn.w2
0.0,54529,2,27264.5,27264.5,27140,27389,176.1,PushPop,:BasicsTransformerLM.layers.3.attn.k_proj
0.0,54458,2,27229.0,27229.0,26819,27639,579.8,PushPop,:BasicsTransformerLM.layers.12.ffn.w2
0.0,54389,2,27194.5,27194.5,25939,28450,1775.5,PushPop,:BasicsTransformerLM.layers.32.ffn.w2
0.0,54370,2,27185.0,27185.0,26780,27590,572.8,PushPop,:BasicsTransformerLM.layers.29.ffn.w2
0.0,54199,2,27099.5,27099.5,26490,27709,862.0,PushPop,:BasicsTransformerLM.layers.6.attn.k_proj
0.0,54198,2,27099.0,27099.0,26539,27659,792.0,PushPop,:BasicsTransformerLM.layers.31.ffn.w2
0.0,54188,2,27094.0,27094.0,26679,27509,586.9,PushPop,:BasicsTransformerLM.layers.4.ffn.w2
0.0,54149,2,27074.5,27074.5,26560,27589,727.6,PushPop,:BasicsTransformerLM.layers.30.ffn.w2
0.0,54138,2,27069.0,27069.0,26859,27279,297.0,PushPop,:BasicsTransformerLM.layers.7.attn.k_proj
0.0,54130,2,27065.0,27065.0,26400,27730,940.5,PushPop,:BasicsTransformerLM.layers.5.ffn.w2
0.0,54108,2,27054.0,27054.0,26919,27189,190.9,PushPop,:BasicsTransformerLM.layers.16.ffn.w2
0.0,54058,2,27029.0,27029.0,26769,27289,367.7,PushPop,:BasicsTransformerLM.layers.14.ffn.w2
0.0,53908,2,26954.0,26954.0,25949,27959,1421.3,PushPop,:BasicsTransformerLM.layers.2.ffn.w2
0.0,53838,2,26919.0,26919.0,26639,27199,396.0,PushPop,:BasicsTransformerLM.layers.8.ffn.w2
0.0,53768,2,26884.0,26884.0,26559,27209,459.6,PushPop,:BasicsTransformerLM.layers.17.ffn.w2
0.0,53489,2,26744.5,26744.5,25949,27540,1125.0,PushPop,:BasicsTransformerLM.layers.4.attn.k_proj
0.0,53480,2,26740.0,26740.0,25990,27490,1060.7,PushPop,:BasicsTransformerLM.layers.12.attn.k_proj
0.0,53470,2,26735.0,26735.0,26150,27320,827.3,PushPop,:BasicsTransformerLM.layers.8.attn.k_proj
0.0,53420,2,26710.0,26710.0,26660,26760,70.7,PushPop,:BasicsTransformerLM.layers.10.attn.k_proj
0.0,53308,2,26654.0,26654.0,26239,27069,586.9,PushPop,:BasicsTransformerLM.layers.11.attn.k_proj
0.0,53288,2,26644.0,26644.0,25789,27499,1209.2,PushPop,:BasicsTransformerLM.layers.15.ffn.w2
0.0,53190,2,26595.0,26595.0,26450,26740,205.1,PushPop,:BasicsTransformerLM.layers.14.attn.v_proj
0.0,53118,2,26559.0,26559.0,26069,27049,693.0,PushPop,:BasicsTransformerLM.layers.9.attn.k_proj
0.0,53108,2,26554.0,26554.0,25909,27199,912.2,PushPop,:BasicsTransformerLM.layers.33.ffn.w2
0.0,52828,2,26414.0,26414.0,26199,26629,304.1,PushPop,:BasicsTransformerLM.layers.18.attn.k_proj
0.0,52730,2,26365.0,26365.0,25760,26970,855.6,PushPop,:BasicsTransformerLM.layers.19.attn.k_proj
0.0,52670,2,26335.0,26335.0,26130,26540,289.9,PushPop,:BasicsTransformerLM.layers.14.attn.k_proj
0.0,52559,2,26279.5,26279.5,26160,26399,169.0,PushPop,:BasicsTransformerLM.layers.18.ffn.w2
0.0,52558,2,26279.0,26279.0,25759,26799,735.4,PushPop,:BasicsTransformerLM.layers.17.attn.k_proj
0.0,52499,2,26249.5,26249.5,25619,26880,891.7,PushPop,:BasicsTransformerLM.layers.20.attn.k_proj
0.0,52339,2,26169.5,26169.5,25709,26630,651.2,PushPop,:BasicsTransformerLM.layers.19.attn.v_proj
0.0,52188,2,26094.0,26094.0,25559,26629,756.6,PushPop,:BasicsTransformerLM.layers.11.attn.v_proj
0.0,52129,2,26064.5,26064.5,25699,26430,516.9,PushPop,:BasicsTransformerLM.layers.21.attn.k_proj
0.0,52028,2,26014.0,26014.0,25749,26279,374.8,PushPop,:BasicsTransformerLM.layers.16.attn.k_proj
0.0,51879,2,25939.5,25939.5,25899,25980,57.3,PushPop,:BasicsTransformerLM.layers.8.attn.v_proj
0.0,51839,2,25919.5,25919.5,25770,26069,211.4,PushPop,:BasicsTransformerLM.layers.15.attn.k_proj
0.0,51568,2,25784.0,25784.0,24969,26599,1152.6,PushPop,:BasicsTransformerLM.layers.5.attn.v_proj
0.0,51478,2,25739.0,25739.0,25509,25969,325.3,PushPop,:BasicsTransformerLM.layers.20.attn.v_proj
0.0,51419,2,25709.5,25709.5,25609,25810,142.1,PushPop,:BasicsTransformerLM.layers.34.ffn.w3
0.0,51299,2,25649.5,25649.5,25600,25699,70.0,PushPop,:BasicsTransformerLM.layers.21.attn.v_proj
0.0,51278,2,25639.0,25639.0,25289,25989,495.0,PushPop,:BasicsTransformerLM.layers.18.attn.v_proj
0.0,51218,2,25609.0,25609.0,25269,25949,480.8,PushPop,:BasicsTransformerLM.layers.7.attn.v_proj
0.0,51038,2,25519.0,25519.0,25449,25589,99.0,PushPop,:BasicsTransformerLM.layers.13.attn.v_proj
0.0,50998,2,25499.0,25499.0,25479,25519,28.3,PushPop,:BasicsTransformerLM.layers.13.attn.k_proj
0.0,50758,2,25379.0,25379.0,24809,25949,806.1,PushPop,:BasicsTransformerLM.layers.17.attn.v_proj
0.0,50748,2,25374.0,25374.0,25039,25709,473.8,PushPop,:BasicsTransformerLM.layers.3.attn.v_proj
0.0,50609,2,25304.5,25304.5,25240,25369,91.2,PushPop,:BasicsTransformerLM.layers.6.attn.v_proj
0.0,50569,2,25284.5,25284.5,24989,25580,417.9,PushPop,:BasicsTransformerLM.layers.16.attn.v_proj
0.0,50539,2,25269.5,25269.5,25229,25310,57.3,PushPop,:BasicsTransformerLM.layers.1.attn.v_proj
0.0,50039,2,25019.5,25019.5,24980,25059,55.9,PushPop,:BasicsTransformerLM.layers.4.attn.v_proj
0.0,49880,2,24940.0,24940.0,24080,25800,1216.2,PushPop,:BasicsTransformerLM.layers.12.attn.v_proj
0.0,49429,2,24714.5,24714.5,23930,25499,1109.5,PushPop,:BasicsTransformerLM.layers.15.attn.v_proj
0.0,49030,2,24515.0,24515.0,23740,25290,1096.0,PushPop,:BasicsTransformerLM.layers.10.attn.v_proj
